1,Grooming
4,Entertainment
3,Art
5,Food
6,Tool
7,Clothing
8,Books
3,Art
5,Food
9,Technology
7,Clothing
10,Home Appliances
11,Kitchen Appliances
12,Home and Bedding
11,Kitchen Appliances
2,Kitchenware
12,Home and Bedding
2,Kitchenware
13,Home Decor
5,Food
5,Food
2,Kitchenware
2,Kitchenware
14,Sports & Outdoor Recreation
13,Home Decor
2,Kitchenware
15,Home and Garden
12,Home and Bedding
13,Home Decor
2,Kitchenware
16,Office Supplies
17,Music
14,Sports & Outdoor Recreation
3,Art
4,Entertainment
11,Kitchen Appliances
18,Science
12,Home and Bedding
8,Books
11,Kitchen Appliances
12,Home and Bedding
19,Stationery
11,Kitchen Appliances
4,Entertainment
14,Sports & Outdoor Recreation
16,Office Supplies
11,Kitchen Appliances
3,Art
7,Clothing
2,Kitchenware
16,Office Supplies
11,Kitchen Appliances
10,Home Appliances
19,Stationery
15,Home and Garden
16,Office Supplies
11,Kitchen Appliances
19,Stationery
11,Kitchen Appliances
9,Technology
4,Entertainment
13,Home Decor
16,Office Supplies
14,Sports & Outdoor Recreation
11,Kitchen Appliances
20,Accessories
9,Technology
11,Kitchen Appliances
12,Home and Bedding
19,Stationery
21,Education
19,Stationery
11,Kitchen Appliances
14,Sports & Outdoor Recreation
4,Entertainment
19,Stationery
4,Entertainment
11,Kitchen Appliances
12,Home and Bedding
16,Office Supplies
9,Technology
4,Entertainment
20,Accessories
19,Stationery
15,Home and Garden
18,Science
11,Kitchen Appliances
13,Home Decor
19,Stationery
9,Technology
4,Entertainment
18,Science
19,Stationery
20,Accessories
19,Stationery
15,Home and Garden
18,Science
8,Books
9,Technology
19,Stationery
9,Technology
5,Food
4,Entertainment
22,Footwear
20,Accessories
20,Accessories
2,Kitchenware
7,Clothing
2,Kitchenware
2,Kitchenware
12,Home and Bedding
19,Stationery
20,Accessories
19,Stationery
13,Home Decor
20,Accessories
7,Clothing
7,Clothing
7,Clothing
2,Kitchenware
12,Home and Bedding
13,Home Decor
20,Accessories
20,Accessories
7,Clothing
12,Home and Bedding
7,Clothing
20,Accessories
20,Accessories
19,Stationery
2,Kitchenware
19,Stationery
13,Home Decor
20,Accessories
20,Accessories
7,Clothing
7,Clothing
20,Accessories
19,Stationery
20,Accessories
13,Home Decor
20,Accessories
20,Accessories
20,Accessories
20,Accessories
20,Accessories
20,Accessories
20,Accessories
2,Kitchenware
19,Stationery
2,Kitchenware
12,Home and Bedding
20,Accessories
20,Accessories
13,Home Decor
19,Stationery
7,Clothing
12,Home and Bedding
7,Clothing
2,Kitchenware
20,Accessories
20,Accessories
19,Stationery
2,Kitchenware
2,Kitchenware
7,Clothing
19,Stationery
19,Stationery
13,Home Decor
12,Home and Bedding
20,Accessories
7,Clothing
7,Clothing
19,Stationery
20,Accessories
7,Clothing
19,Stationery
20,Accessories
7,Clothing
20,Accessories
20,Accessories
12,Home and Bedding
19,Stationery
7,Clothing
13,Home Decor
2,Kitchenware
13,Home Decor
7,Clothing
7,Clothing
19,Stationery
13,Home Decor
13,Home Decor
19,Stationery
13,Home Decor
7,Clothing
19,Stationery
13,Home Decor
20,Accessories
7,Clothing
19,Stationery
13,Home Decor
2,Kitchenware
20,Accessories
20,Accessories
20,Accessories
20,Accessories
13,Home Decor
7,Clothing
19,Stationery
12,Home and Bedding
19,Stationery
19,Stationery
20,Accessories
7,Clothing
7,Clothing
13,Home Decor
20,Accessories
20,Accessories
20,Accessories
12,Home and Bedding
2,Kitchenware
19,Stationery
2,Kitchenware
19,Stationery
20,Accessories
20,Accessories
19,Stationery
12,Home and Bedding
19,Stationery
19,Stationery
7,Clothing
20,Accessories
7,Clothing
20,Accessories
2,Kitchenware
20,Accessories
20,Accessories
13,Home Decor
7,Clothing
12,Home and Bedding
20,Accessories
19,Stationery
12,Home and Bedding
7,Clothing
20,Accessories
13,Home Decor
7,Clothing
19,Stationery
7,Clothing
7,Clothing
20,Accessories
19,Stationery
19,Stationery
