1,Quokka Fur Brush,grooming,product_images/quokka-chris-butler.jpg,A comb or something,2018-10-01 13:12:58,2018-10-01 13:12:58,1,5
2,Life-sized quokka cut out,entertainment,product_images/quokka-2676171_1920.webp,a smiling paper quokka,2018-10-01 13:12:58,2018-10-01 13:12:58,4,10
3,A portrait of a chivalrous quokka,art,product_images/quokka-running-crop.avif,This dashing quokka is dressed as a knight,2018-10-01 13:12:58,2018-10-01 13:12:58,3,81
4,Grass bundle,food,product_images/vGCoOL0i6oviWlLnx46s--1--xn3lz.webp,A bundle of grass,2018-10-01 13:12:58,2018-10-01 13:12:58,5,50
5,Stick bundle,tool,product_images/560bd4906ba70342b6acd901756720a7-3517354683.jpg,a bundle of sticks,2018-10-01 13:12:58,2018-10-01 13:12:58,6,51
6,Quokka onesie,clothing,product_images/large-Quokka-photo.webp,a pajama suit for quokkas,2018-10-01 13:12:58,2018-10-01 13:12:58,7,82
7,Bedtime stories about quokkas,Books,product_images/images (2).jpeg,A children's book,2018-10-01 13:12:58,2018-10-01 13:12:58,8,9
8,Quokkaleon painting, art,product_images/quokka-nicole-wilson.jpg,""" Famous painting """"Napoleon Crossing"""" but Napoleon is a quokka""",2018-10-01 13:12:58,2018-10-01 13:12:58,3,5
9,Quokkassant,pastry,product_images/quokka-blobfish-with-rainbow-and-hearts-zimstarus.jpg,a crossaint in the shape of a quokka,2018-10-01 13:12:58,2018-10-01 13:12:58,5,98
10,Quokka-safe blender, technology,product_images/6oppejma1tmb1.jpg,A furry blender that resembles a happy quokka intended for quokkas to blend their daily meals,2018-10-01 13:12:58,2018-10-01 13:12:58,9,12
11,Quokkachino,A cozy hoodie with a quokka's face on the hood,product_images/7c1b43f1865af1767ab078be3b7f13d8.png,A picture of a quokkachino,2018-10-01 13:12:58,2018-10-01 13:12:58,7,36
12,Quokka Breeze Fan,Stay cool with this fan featuring quokka designs,product_images/Quokka.jpg,A picture of a quokka breeze fan,2018-10-01 13:12:58,2018-10-01 13:12:58,10,36
13,Quokkapresso Machine,Brew your espresso in style with this quokka-themed machine,product_images/6133232564f097f97dc39f94f312fab6.jpg,A picture of a quokkapresso machine,2018-10-01 13:12:58,2018-10-01 13:12:58,11,96
14,Quokka Slumber Sleeping Bag,Sleep snug as a quokka in this cozy sleeping bag,product_images/images.jpeg,A picture of a quokka slumber sleeping bag,2018-10-01 13:12:58,2018-10-01 13:12:58,12,96
15,Quokka Toasty Maker,A sandwich maker that imprints a quokkaâ€™s face onto your toasties,product_images/dfuwni4-8689dc96-be9a-4e5d-a8dc-d99da7d4540f.jpg,A picture of a quokka toasty maker,2018-10-01 13:12:58,2018-10-01 13:12:58,11,22
16,Quokkacino Mug,Sip your favorite beverages with a smile with this quokka-themed mug,product_images/images (1).jpeg,A picture of a quokkacino mug,2018-10-01 13:12:58,2018-10-01 13:12:58,2,22
17,Quokka Hug Pillow,A pillow shaped like a quokka for the sweetest dreams,product_images/Cutest-Animals_-Quokka-1024x535.jpg,A picture of a quokka hug pillow,2018-10-01 13:12:58,2018-10-01 13:12:58,12,10
18,Quokka Bento Box,"""A lunch box with separate compartments",product_images/adorable-quokka-cute-furry-animal-portrait-fish-eye-lens-wildlife-jungle-mammal-adorable-quokka-cute-furry-animal-portrait-fish-270970729.jpg,,2018-10-01 13:12:58,2018-10-01 13:12:58,2,50
19,Quokka Light Lamp,A lamp with a base shaped like a quokka,product_images/6133232564f097f97dc39f94f312fab6.jpg,A picture of a quokka light lamp,2018-10-01 13:12:58,2018-10-01 13:12:58,13,10
20,Quokka Leaf Tea,"""A soothing tea blend",product_images/1_0lkX3gSqq8PnT51YTBDmnQ.jpg,,2018-10-01 13:12:58,2018-10-01 13:12:58,5,5
21,Quokka Brew Coffee Beans,Premium coffee beans with a touch of quokka cheer,product_images/560bd4906ba70342b6acd901756720a7-3517354683.jpg,A picture of a quokka brew coffee beans,2018-10-01 13:12:58,2018-10-01 13:12:58,5,52
22,Quokka Pancake Pan,Make pancakes with a cute quokka face on them,product_images/Screenshot 2023-12-03 at 6.07.18 PM.png,A picture of a quokka pancake pan,2018-10-01 13:12:58,2018-10-01 13:12:58,2,5
23,Quokkarita Glass,A margarita glass with an adorable quokka etched onto it,"product_images/flat,750x,075,f-pad,750x1000,f8f8f8.jpg",A picture of a quokkarita glass,2018-10-01 13:12:58,2018-10-01 13:12:58,2,42
24,Quokka Sip Water Bottle,Stay hydrated and happy with this quokka water bottle,product_images/adorable-quokka-cute-furry-animal-portrait-fish-eye-lens-wildlife-jungle-mammal-adorable-quokka-cute-furry-animal-portrait-fish-270970729.jpg,A picture of a quokka sip water bottle,2018-10-01 13:12:58,2018-10-01 13:12:58,14,42
25,Quokka Smile Mirror,Start your day with a smile with this mirror surrounded by quokkas,product_images/dfuwni4-8689dc96-be9a-4e5d-a8dc-d99da7d4540f.jpg,A picture of a quokka smile mirror,2018-10-01 13:12:58,2018-10-01 13:12:58,13,51
26,Quokka Cookie Cutter,Bake cookies in the shape of a smiling quokka,product_images/quokka2.png,A picture of a quokka cookie cutter,2018-10-01 13:12:58,2018-10-01 13:12:58,2,22
27,Quokka Zen Garden,"""Find your inner peace with this zen garden",product_images/Tongue-out-quokka.jpg,,2018-10-01 13:12:58,2018-10-01 13:12:58,15,13
28,Quokka Snuggle Blanket,Wrap yourself up in this quokka-patterned blanket,"product_images/flat,750x,075,f-pad,750x1000,f8f8f8.jpg",A picture of a quokka snuggle blanket,2018-10-01 13:12:58,2018-10-01 13:12:58,12,50
29,Quokka Joy Photo Frame,Frame your happiest moments in this quokka-themed photo frame,product_images/images (2).jpeg,A picture of a quokka joy photo frame,2018-10-01 13:12:58,2018-10-01 13:12:58,13,39
30,Quokka Latte Art Stencil,Create latte art with this quokka-shaped stencil,product_images/quokka-2676171_1920.webp,A picture of a quokka latte art stencil,2018-10-01 13:12:58,2018-10-01 13:12:58,2,13
31,Quokka Quill Holder,office,product_images/quokka-7656365_1280.webp,A cute quokka-shaped holder for your pens,2018-10-01 13:12:58,2018-10-01 13:12:58,16,22
32,Quokka-coustic Guitar,music,product_images/a179c6x088fa1.jpg,A guitar with a quokka-themed design,2018-10-01 13:12:58,2018-10-01 13:12:58,17,36
33,Quokka Quencher Bottle,outdoors,product_images/large-Quokka-photo.webp,Stay hydrated with this quokka-adorned water bottle,2018-10-01 13:12:58,2018-10-01 13:12:58,14,81
34,Quokka Quill Art Prints,art,product_images/quokka-chris-butler.jpg,Decorate with charming quokka-themed prints,2018-10-01 13:12:58,2018-10-01 13:12:58,3,65
35,Quokka Quest Board Game,entertainment,product_images/Happy-quokka.jpg,Embark on a quokka-filled adventure with this game,2018-10-01 13:12:58,2018-10-01 13:12:58,4,9
36,Quokka Quesadilla Maker,kitchen,product_images/48891628.jpg,Cook up delicious quokka-shaped quesadillas,2018-10-01 13:12:58,2018-10-01 13:12:58,11,8
37,Quokka Quasar Stargazer,science,product_images/quokka-running-crop.avif,Explore the cosmos with this quokka-themed telescope,2018-10-01 13:12:58,2018-10-01 13:12:58,18,52
38,Quokka Quilted Blanket,home,product_images/Quokka.jpg,A warm blanket featuring adorable quokkas,2018-10-01 13:12:58,2018-10-01 13:12:58,12,31
39,Quokka Quill Bookmark,books,product_images/adorable-quokka-cute-furry-animal-portrait-fish-eye-lens-wildlife-jungle-mammal-adorable-quokka-cute-furry-animal-portrait-fish-270970729.jpg,Mark your pages with a quokka-inspired bookmark,2018-10-01 13:12:58,2018-10-01 13:12:58,8,36
40,Quokka Quenelle Ice Cream Maker,food,product_images/images.jpeg,Craft quokka-shaped ice cream treats at home,2018-10-01 13:12:58,2018-10-01 13:12:58,11,12
41,Quokka Quilted Pillow,home,product_images/quokka-nicole-wilson.jpg,Rest your head on a quokka-themed pillow,2018-10-01 13:12:58,2018-10-01 13:12:58,12,82
42,Quokka Quill Pencil Case,stationery,product_images/quokka-chris-butler.jpg,A fun pencil case with a quokka design,2018-10-01 13:12:58,2018-10-01 13:12:58,19,31
43,Quokka Quilted Placemats,kitchen,product_images/quokka-blobfish-with-rainbow-and-hearts-zimstarus.jpg,Adorn your table with quokka-themed placemats,2018-10-01 13:12:58,2018-10-01 13:12:58,11,65
44,Quokka Quill Puzzle,entertainment,product_images/Tongue-out-quokka.jpg,Piece together a quokka puzzle for fun,2018-10-01 13:12:58,2018-10-01 13:12:58,4,8
45,Quokka Quenched Umbrella,outdoors,product_images/quokka-chris-butler.jpg,Stay dry with this adorable quokka umbrella,2018-10-01 13:12:58,2018-10-01 13:12:58,14,81
46,Quokka Quill Notebook,office,product_images/Cutest-Animals_-Quokka-1024x535.jpg,Take notes with a quokka-themed notebook,2018-10-01 13:12:58,2018-10-01 13:12:58,16,36
47,Quokka-cino Maker,kitchen,product_images/e058wczwpwl91.webp,Brew your coffee with a quokka-inspired machine,2018-10-01 13:12:58,2018-10-01 13:12:58,11,5
48,Quokka Quasar Poster,art,product_images/Screenshot 2023-12-03 at 6.07.18 PM.png,Adorn your walls with a quokka galaxy poster,2018-10-01 13:12:58,2018-10-01 13:12:58,3,2
49,Quokka Quilted Robe,clothing,product_images/images (1).jpeg,Wrap yourself in a cozy quokka robe,2018-10-01 13:12:58,2018-10-01 13:12:58,7,42
50,Quokka Quilted Coasters,home,product_images/quokka-nicole-wilson.jpg,Protect surfaces with quokka-themed coasters,2018-10-01 13:12:58,2018-10-01 13:12:58,2,96
51,Quokka Quill Mouse Pad,office,"product_images/flat,750x,075,f-pad,750x1000,f8f8f8.jpg",Add a touch of quokka to your workspace,2018-10-01 13:12:58,2018-10-01 13:12:58,16,22
52,Quokka Quack Pot,kitchen,product_images/6oppejma1tmb1.jpg,Cook up quokka-themed dishes in this pot,2018-10-01 13:12:58,2018-10-01 13:12:58,11,8
53,Quokka Quilted Shower Curtain,home,product_images/7c1b43f1865af1767ab078be3b7f13d8.png,Brighten your bathroom with quokka charm,2018-10-01 13:12:58,2018-10-01 13:12:58,10,51
54,Quokka Quill Sticky Notes,stationery,product_images/quokka1.jpeg,Jot down notes with a quokka touch,2018-10-01 13:12:58,2018-10-01 13:12:58,19,6
55,Quokka Quenching Watering Can,outdoors,product_images/adorable-quokka-cute-furry-animal-portrait-fish-eye-lens-wildlife-jungle-mammal-adorable-quokka-cute-furry-animal-portrait-fish-270970729.jpg,Keep your plants happy with a quokka can,2018-10-01 13:12:58,2018-10-01 13:12:58,15,81
56,Quokka Quasar Calendar,office,product_images/1efctzlr39ia1.jpg,Stay organized with a quokka-themed calendar,2018-10-01 13:12:58,2018-10-01 13:12:58,16,14
57,Quokka Quiche Pan,kitchen,product_images/large-Quokka-photo.webp,Bake delightful quokka-shaped quiches,2018-10-01 13:12:58,2018-10-01 13:12:58,11,6
58,Quokka Quill Erasers,stationery,product_images/e058wczwpwl91.webp,Correct mistakes with quokka-inspired erasers,2018-10-01 13:12:58,2018-10-01 13:12:58,19,31
59,Quokka Quilted Oven Mitts,kitchen,product_images/austrailian-quokka-sand.webp,Handle hot dishes with quokka protection,2018-10-01 13:12:58,2018-10-01 13:12:58,11,5
60,Quokka Quill Phone Holder,technology,product_images/48891628.jpg,Keep your phone secure with quokka flair,2018-10-01 13:12:58,2018-10-01 13:12:58,9,98
61,Quokka Quest Puzzle,entertainment,product_images/ff65869379f8a0329cde6c8d2a3cda17.jpg,Embark on a quokka-themed puzzle adventure,2018-10-01 13:12:58,2018-10-01 13:12:58,4,5
62,Quokka Quasar Night Light,home,product_images/7c1b43f1865af1767ab078be3b7f13d8.png,Illuminate your space with quokka magic,2018-10-01 13:12:58,2018-10-01 13:12:58,13,81
63,Quokka Quill Desk Organizer,office,product_images/quokka-nicole-wilson.jpg,Tidy up your desk with quokka charm,2018-10-01 13:12:58,2018-10-01 13:12:58,16,96
64,Quokka Quenching Water Bottle,outdoors,product_images/DEREK.webp,Stay refreshed with this quokka-themed bottle,2018-10-01 13:12:58,2018-10-01 13:12:58,14,82
65,Quokka Quilted Tablecloth,kitchen,product_images/Happy-quokka.jpg,Set the table with quokka-inspired elegance,2018-10-01 13:12:58,2018-10-01 13:12:58,11,82
66,Quokka Quill Keychain,accessories,product_images/6oppejma1tmb1.jpg,Carry your keys with a touch of quokka,2018-10-01 13:12:58,2018-10-01 13:12:58,20,8
67,Quokka-cade Game Console,technology,product_images/depositphotos_661112890-stock-photo-happy-animal-quokka-winking-your.jpg,Game on with this quokka-themed console,2018-10-01 13:12:58,2018-10-01 13:12:58,9,98
68,Quokka Quiche Cutter,kitchen,product_images/Happy-quokka.jpg,Slice quokka-shaped quiches with ease,2018-10-01 13:12:58,2018-10-01 13:12:58,11,5
69,Quokka Quilted Throw,home,product_images/Quokka.jpg,Snuggle up with a quokka-themed throw,2018-10-01 13:12:58,2018-10-01 13:12:58,12,2
70,Quokka Quill Ruler,stationery,product_images/images.jpeg,Measure with a quokka-themed ruler,2018-10-01 13:12:58,2018-10-01 13:12:58,19,51
71,Quokka Quasar Globe,education,product_images/images (2).jpeg,Explore the world with quokka curiosity,2018-10-01 13:12:58,2018-10-01 13:12:58,21,6
72,Quokka Quill Magnet Set,stationery,product_images/quokka3-e1572408330773.jpg,Decorate with quokka-themed magnets,2018-10-01 13:12:58,2018-10-01 13:12:58,19,82
73,Quokka Quilted Apron,kitchen,product_images/quokka-blobfish-with-rainbow-and-hearts-zimstarus.jpg,Cook in style with a quokka apron,2018-10-01 13:12:58,2018-10-01 13:12:58,11,98
74,Quokka Quenching Watering Globe,outdoors,"product_images/71x2mTGt90L._AC_UF894,1000_QL80_.jpg",Keep your plants hydrated with quokka charm,2018-10-01 13:12:58,2018-10-01 13:12:58,14,82
75,Quokka Quasar Globe Puzzle,entertainment,product_images/DEREK.webp,Piece together a quokka-themed globe puzzle,2018-10-01 13:12:58,2018-10-01 13:12:58,4,65
76,Quokka Quill Gel Pens,stationery,product_images/Cutest-Animals_-Quokka-1024x535.jpg,Write with quokka-inspired gel pens,2018-10-01 13:12:58,2018-10-01 13:12:58,19,65
77,Quokka-cade Arcade Cabinet,entertainment,product_images/a179c6x088fa1.jpg,Game with this quokka-themed arcade cabinet,2018-10-01 13:12:58,2018-10-01 13:12:58,4,82
78,Quokka Quiche Dish,kitchen,product_images/quokka-cute-animal-free-photo.jpg,Bake quokka-shaped quiches with this dish,2018-10-01 13:12:58,2018-10-01 13:12:58,11,22
79,Quokka Quilted Throw Pillow,home,product_images/DEREK.webp,Add quokka comfort to your living space,2018-10-01 13:12:58,2018-10-01 13:12:58,12,81
80,Quokka Quill Desk Set,office,product_images/quokka2.png,Organize with a quokka-themed desk set,2018-10-01 13:12:58,2018-10-01 13:12:58,16,6
81,Quokka Quasar Mobile,technology,product_images/e058wczwpwl91.webp,Stay connected with a quokka-themed mobile,2018-10-01 13:12:58,2018-10-01 13:12:58,9,82
82,Quokka Quest Card Game,entertainment,product_images/7c1b43f1865af1767ab078be3b7f13d8.png,Play cards with a quokka-themed deck,2018-10-01 13:12:58,2018-10-01 13:12:58,4,42
83,Quokka Quilted Tote Bag,accessories,product_images/images.jpeg,Carry your essentials in quokka style,2018-10-01 13:12:58,2018-10-01 13:12:58,20,22
84,Quokka Quill Highlighters,stationery,product_images/quokka-running-crop.avif,Highlight with quokka-inspired markers,2018-10-01 13:12:58,2018-10-01 13:12:58,19,50
85,Quokka Quenching Watering Wand,outdoors,product_images/48891628.jpg,Water your plants with a quokka wand,2018-10-01 13:12:58,2018-10-01 13:12:58,15,65
86,Quokka Quasar Telescope,science,product_images/ff65869379f8a0329cde6c8d2a3cda17.jpg,Explore the cosmos with this quokka telescope,2018-10-01 13:12:58,2018-10-01 13:12:58,18,96
87,Quokka Quiche Server,kitchen,product_images/adorable-quokka-cute-furry-animal-portrait-fish-eye-lens-wildlife-jungle-mammal-adorable-quokka-cute-furry-animal-portrait-fish-270970729.jpg,Serve quokka-shaped quiches with style,2018-10-01 13:12:58,2018-10-01 13:12:58,11,5
88,Quokka Quilted Wall Hanging,home,product_images/quokka-running-crop.avif,Decorate your walls with quokka charm,2018-10-01 13:12:58,2018-10-01 13:12:58,13,52
89,Quokka Quill Notebook Set,stationery,product_images/depositphotos_661112890-stock-photo-happy-animal-quokka-winking-your.jpg,Take notes with quokka-themed notebooks,2018-10-01 13:12:58,2018-10-01 13:12:58,19,42
90,Quokka Quilted Laptop Sleeve,technology,product_images/quokka-nicole-wilson.jpg,Protect your laptop with quokka flair,2018-10-01 13:12:58,2018-10-01 13:12:58,9,50
91,Quokka Quest Chess Set,entertainment,product_images/quokka-cute-animal-free-photo.jpg,Play chess with a quokka-themed set,2018-10-01 13:12:58,2018-10-01 13:12:58,4,98
92,Quokka Quasar Constellation Chart,science,product_images/quokka1.jpeg,Discover constellations with quokka wonder,2018-10-01 13:12:58,2018-10-01 13:12:58,18,14
93,Quokka Quill Sticky Tabs,stationery,product_images/quokka1.jpeg,Mark pages with quokka-inspired sticky tabs,2018-10-01 13:12:58,2018-10-01 13:12:58,19,50
94,Quokka Quilted Backpack,accessories,product_images/quokka-nicole-wilson.jpg,Carry your belongings in quokka comfort,2018-10-01 13:12:58,2018-10-01 13:12:58,20,36
95,Quokka Quill Calligraphy Set,stationery,product_images/dfuwni4-8689dc96-be9a-4e5d-a8dc-d99da7d4540f.jpg,Create with quokka-themed calligraphy tools,2018-10-01 13:12:58,2018-10-01 13:12:58,19,52
96,Quokka Quenching Watering System,outdoors,product_images/austrailian-quokka-sand.webp,Efficiently water plants with quokka care,2018-10-01 13:12:58,2018-10-01 13:12:58,15,98
97,Quokka Quasar Observatory,science,product_images/austrailian-quokka-sand.webp,Explore the stars with a quokka observatory,2018-10-01 13:12:58,2018-10-01 13:12:58,18,50
98,Quokka Quiche Cookbook,Books,product_images/Quokka.jpg,Master the art of quokka-shaped quiches,2018-10-01 13:12:58,2018-10-01 13:12:58,8,36
99,Quokka Quilted Laptop Bag,technology,product_images/images.jpeg,Protect your laptop with quokka style,2018-10-01 13:12:58,2018-10-01 13:12:58,9,12
100,Quokka Quill Planner,stationery,product_images/48891628.jpg,Stay organized with a quokka-themed planner,2018-10-01 13:12:58,2018-10-01 13:12:58,19,50
101,Quokkalarm, alarm,product_images/quokka-cute-animal-free-photo.jpg, quokka-shaped furry alarm,2018-10-01 13:12:58,2018-10-01 13:12:58,9,12
102,Quokkamole, avocado dip,product_images/quokka-cartoon-illustration-isolated-free-vector.jpg, guacamole in made by Quokka brand,2018-10-01 13:12:58,2018-10-01 13:12:58,5,81
103,Quokk-a-mole, game of whack-a-mole,product_images/quokka-nicole-wilson.jpg, a 6ft tall game machine with quokkas,2018-10-01 13:12:58,2018-10-01 13:12:58,4,2
104,Quokks, shoes,product_images/quokka-nicole-wilson.jpg, sandals with holes in them,2018-10-01 13:12:58,2018-10-01 13:12:58,22,22
105,Quokka Friendly bag,Quokkas give their seal of approval to this bag.,product_images/e058wczwpwl91.webp,Quokka themed bag,2018-10-01 13:12:58,2018-10-01 13:12:58,20,22
106,Quokka's Favorite hat,"""Quokkas absolutely adore this hat",product_images/quokka-cartoon-illustration-isolated-free-vector.jpg,,2018-10-01 13:12:58,2018-10-01 13:12:58,20,81
107,mug Quokka Plushie,Soft and cuddly plushie inspired by the adorable quokka.,product_images/e058wczwpwl91.webp,Quokka themed mug,2018-10-01 13:12:58,2018-10-01 13:12:58,2,13
108,Quokka-themed socks,Get into the quokka spirit with this amazing socks!,product_images/images.jpeg,Quokka themed socks,2018-10-01 13:12:58,2018-10-01 13:12:58,7,10
109,mug - The Quokka Way,Experience the quokka way of life with this mug.,product_images/quokka3-e1572408330773.jpg,Quokka themed mug,2018-10-01 13:12:58,2018-10-01 13:12:58,2,50
110,mug for Quokkas,Perfect mug for all the quokka enthusiasts out there.,product_images/meet-a-quokka-aka-the-worlds-happiest-animal-aka-a-short-v0-02dv1ihoyb3a1.webp,Quokka themed mug,2018-10-01 13:12:58,2018-10-01 13:12:58,2,8
111,Exclusive Quokka pillow,An exclusive pillow that captures the essence of quokkas.,product_images/images (2).jpeg,Quokka themed pillow,2018-10-01 13:12:58,2018-10-01 13:12:58,12,5
112,Quokka Lover's sticker,Every quokka lover needs this sticker in their life.,product_images/meet-a-quokka-aka-the-worlds-happiest-animal-aka-a-short-v0-02dv1ihoyb3a1.webp,Quokka themed sticker,2018-10-01 13:12:58,2018-10-01 13:12:58,19,81
113,bag - The Quokka Way,Experience the quokka way of life with this bag.,product_images/vGCoOL0i6oviWlLnx46s--1--xn3lz.webp,Quokka themed bag,2018-10-01 13:12:58,2018-10-01 13:12:58,20,9
114,sticker with Quokka Magic,Add a touch of quokka magic to your life with this sticker.,product_images/Quokka.jpg,Quokka themed sticker,2018-10-01 13:12:58,2018-10-01 13:12:58,19,9
115,poster with Quokka Magic,Add a touch of quokka magic to your life with this poster.,product_images/Tongue-out-quokka.jpg,Quokka themed poster,2018-10-01 13:12:58,2018-10-01 13:12:58,13,6
116,Quokka-themed bag,Get into the quokka spirit with this amazing bag!,product_images/Quokka.jpg,Quokka themed bag,2018-10-01 13:12:58,2018-10-01 13:12:58,20,8
117,Exclusive Quokka t-shirt,An exclusive t-shirt that captures the essence of quokkas.,product_images/depositphotos_661112890-stock-photo-happy-animal-quokka-winking-your.jpg,Quokka themed t-shirt,2018-10-01 13:12:58,2018-10-01 13:12:58,7,5
118,socks - The Quokka Way,Experience the quokka way of life with this socks.,product_images/6133232564f097f97dc39f94f312fab6.jpg,Quokka themed socks,2018-10-01 13:12:58,2018-10-01 13:12:58,7,42
119,Quokka and t-shirt Combo,The perfect combo for quokka and t-shirt lovers alike.,product_images/Quokka.jpg,Quokka themed t-shirt,2018-10-01 13:12:58,2018-10-01 13:12:58,7,2
120,mug with Quokka Magic,Add a touch of quokka magic to your life with this mug.,product_images/images.jpeg,Quokka themed mug,2018-10-01 13:12:58,2018-10-01 13:12:58,2,81
121,pillow for Quokkas,Perfect pillow for all the quokka enthusiasts out there.,product_images/Cutest-Animals_-Quokka-1024x535.jpg,Quokka themed pillow,2018-10-01 13:12:58,2018-10-01 13:12:58,12,31
122,Quokka-themed poster,Get into the quokka spirit with this amazing poster!,product_images/quokka-nicole-wilson.jpg,Quokka themed poster,2018-10-01 13:12:58,2018-10-01 13:12:58,13,65
123,hat - Quokka Edition,Celebrate quokkas with this limited edition hat.,product_images/7c1b43f1865af1767ab078be3b7f13d8.png,Quokka themed hat,2018-10-01 13:12:58,2018-10-01 13:12:58,20,14
124,Quokka Approved hat,"""Quokka approved",product_images/a179c6x088fa1.jpg,,2018-10-01 13:12:58,2018-10-01 13:12:58,20,39
125,t-shirt - The Quokka Way,Experience the quokka way of life with this t-shirt.,product_images/images (1).jpeg,Quokka themed t-shirt,2018-10-01 13:12:58,2018-10-01 13:12:58,7,12
126,Quokka Friendly pillow,Quokkas give their seal of approval to this pillow.,product_images/images.jpeg,Quokka themed pillow,2018-10-01 13:12:58,2018-10-01 13:12:58,12,12
127,Quokka Lover's t-shirt,Every quokka lover needs this t-shirt in their life.,product_images/meet-a-quokka-aka-the-worlds-happiest-animal-aka-a-short-v0-02dv1ihoyb3a1.webp,Quokka themed t-shirt,2018-10-01 13:12:58,2018-10-01 13:12:58,7,42
128,Handmade keychain with Quokka Design,Beautifully crafted keychain featuring intricate quokka designs.,product_images/vGCoOL0i6oviWlLnx46s--1--xn3lz.webp,Quokka themed keychain,2018-10-01 13:12:58,2018-10-01 13:12:58,20,36
129,keychain for Quokkas,Perfect keychain for all the quokka enthusiasts out there.,product_images/quokka-nicole-wilson.jpg,Quokka themed keychain,2018-10-01 13:12:58,2018-10-01 13:12:58,20,81
130,Quokka's Favorite sticker,"""Quokkas absolutely adore this sticker",product_images/ff65869379f8a0329cde6c8d2a3cda17.jpg,,2018-10-01 13:12:58,2018-10-01 13:12:58,19,5
131,mug Inspired by Quokkas,Embrace the quokka lifestyle with this stunning mug.,product_images/Cutest-Animals_-Quokka-1024x535.jpg,Quokka themed mug,2018-10-01 13:12:58,2018-10-01 13:12:58,2,98
132,Quokka-themed sticker,Get into the quokka spirit with this amazing sticker!,product_images/Quokka.jpg,Quokka themed sticker,2018-10-01 13:12:58,2018-10-01 13:12:58,19,36
133,Quokka's Favorite poster,"""Quokkas absolutely adore this poster",product_images/Quokka.jpg,,2018-10-01 13:12:58,2018-10-01 13:12:58,13,6
134,hat Inspired by Quokkas,Embrace the quokka lifestyle with this stunning hat.,product_images/adorable-quokka-cute-furry-animal-portrait-fish-eye-lens-wildlife-jungle-mammal-adorable-quokka-cute-furry-animal-portrait-fish-270970729.jpg,Quokka themed hat,2018-10-01 13:12:58,2018-10-01 13:12:58,20,10
135,Quokka and bag Combo,The perfect combo for quokka and bag lovers alike.,product_images/vGCoOL0i6oviWlLnx46s--1--xn3lz.webp,Quokka themed bag,2018-10-01 13:12:58,2018-10-01 13:12:58,20,98
136,Quokka Friendly socks,Quokkas give their seal of approval to this socks.,product_images/depositphotos_661112890-stock-photo-happy-animal-quokka-winking-your.jpg,Quokka themed socks,2018-10-01 13:12:58,2018-10-01 13:12:58,7,14
137,socks for Quokkas,Perfect socks for all the quokka enthusiasts out there.,"product_images/flat,750x,075,f-pad,750x1000,f8f8f8.jpg",Quokka themed socks,2018-10-01 13:12:58,2018-10-01 13:12:58,7,22
138,Quokka Lover's hat,Every quokka lover needs this hat in their life.,product_images/1_0lkX3gSqq8PnT51YTBDmnQ.jpg,Quokka themed hat,2018-10-01 13:12:58,2018-10-01 13:12:58,20,13
139,Quokka's Favorite notebook,"""Quokkas absolutely adore this notebook",product_images/6133232564f097f97dc39f94f312fab6.jpg,,2018-10-01 13:12:58,2018-10-01 13:12:58,19,81
140,Quokka and hat Combo,The perfect combo for quokka and hat lovers alike.,product_images/1_0lkX3gSqq8PnT51YTBDmnQ.jpg,Quokka themed hat,2018-10-01 13:12:58,2018-10-01 13:12:58,20,8
141,poster - Quokka Edition,Celebrate quokkas with this limited edition poster.,product_images/meet-a-quokka-aka-the-worlds-happiest-animal-aka-a-short-v0-02dv1ihoyb3a1.webp,Quokka themed poster,2018-10-01 13:12:58,2018-10-01 13:12:58,13,5
142,Quokka Adventure: hat Edition,Join the quokkas on an adventure with this special hat.,product_images/Quokka.jpg,Quokka themed hat,2018-10-01 13:12:58,2018-10-01 13:12:58,20,2
143,Exclusive Quokka bag,An exclusive bag that captures the essence of quokkas.,product_images/public.avif,Quokka themed bag,2018-10-01 13:12:58,2018-10-01 13:12:58,20,82
144,Quokka Lover's keychain,Every quokka lover needs this keychain in their life.,product_images/quokka-nicole-wilson.jpg,Quokka themed keychain,2018-10-01 13:12:58,2018-10-01 13:12:58,20,12
145,Handmade bag with Quokka Design,Beautifully crafted bag featuring intricate quokka designs.,product_images/public.avif,Quokka themed bag,2018-10-01 13:12:58,2018-10-01 13:12:58,20,10
146,keychain Quokka Plushie,Soft and cuddly plushie inspired by the adorable quokka.,product_images/vGCoOL0i6oviWlLnx46s--1--xn3lz.webp,Quokka themed keychain,2018-10-01 13:12:58,2018-10-01 13:12:58,20,50
147,Exclusive Quokka keychain,An exclusive keychain that captures the essence of quokkas.,product_images/Quokka.jpg,Quokka themed keychain,2018-10-01 13:12:58,2018-10-01 13:12:58,20,52
148,Quokka and sticker Combo,The perfect combo for quokka and sticker lovers alike.,product_images/quokka3-e1572408330773.jpg,Quokka themed sticker,2018-10-01 13:12:58,2018-10-01 13:12:58,20,6
149,Quokka Adventure: mug Edition,Join the quokkas on an adventure with this special mug.,product_images/Tongue-out-quokka.jpg,Quokka themed mug,2018-10-01 13:12:58,2018-10-01 13:12:58,2,2
150,sticker Quokka Plushie,Soft and cuddly plushie inspired by the adorable quokka.,product_images/Tongue-out-quokka.jpg,Quokka themed sticker,2018-10-01 13:12:58,2018-10-01 13:12:58,19,12
151,Handmade mug with Quokka Design,Beautifully crafted mug featuring intricate quokka designs.,product_images/1_0lkX3gSqq8PnT51YTBDmnQ.jpg,Quokka themed mug,2018-10-01 13:12:58,2018-10-01 13:12:58,2,39
152,pillow Quokka Plushie,Soft and cuddly plushie inspired by the adorable quokka.,product_images/6oppejma1tmb1.jpg,Quokka themed pillow,2018-10-01 13:12:58,2018-10-01 13:12:58,12,31
153,Quokka Friendly hat,Quokkas give their seal of approval to this hat.,"product_images/71x2mTGt90L._AC_UF894,1000_QL80_.jpg",Quokka themed hat,2018-10-01 13:12:58,2018-10-01 13:12:58,20,14
154,bag Inspired by Quokkas,Embrace the quokka lifestyle with this stunning bag.,product_images/images (2).jpeg,Quokka themed bag,2018-10-01 13:12:58,2018-10-01 13:12:58,20,9
155,Quokka Friendly poster,Quokkas give their seal of approval to this poster.,product_images/images.jpeg,Quokka themed poster,2018-10-01 13:12:58,2018-10-01 13:12:58,13,2
156,notebook Inspired by Quokkas,Embrace the quokka lifestyle with this stunning notebook.,product_images/images (1).jpeg,Quokka themed notebook,2018-10-01 13:12:58,2018-10-01 13:12:58,19,2
157,Quokka's Favorite t-shirt,"""Quokkas absolutely adore this t-shirt","product_images/flat,750x,075,f-pad,750x1000,f8f8f8.jpg",,2018-10-01 13:12:58,2018-10-01 13:12:58,7,36
158,Quokka Adventure: pillow Edition,Join the quokkas on an adventure with this special pillow.,product_images/7c1b43f1865af1767ab078be3b7f13d8.png,Quokka themed pillow,2018-10-01 13:12:58,2018-10-01 13:12:58,12,8
159,Quokka Friendly t-shirt,Quokkas give their seal of approval to this t-shirt.,product_images/e058wczwpwl91.webp,Quokka themed t-shirt,2018-10-01 13:12:58,2018-10-01 13:12:58,7,5
160,Quokka Friendly mug,Quokkas give their seal of approval to this mug.,product_images/1_0lkX3gSqq8PnT51YTBDmnQ.jpg,Quokka themed mug,2018-10-01 13:12:58,2018-10-01 13:12:58,2,6
161,Quokka Adventure: keychain Edition,Join the quokkas on an adventure with this special keychain.,product_images/1_0lkX3gSqq8PnT51YTBDmnQ.jpg,Quokka themed keychain,2018-10-01 13:12:58,2018-10-01 13:12:58,20,98
162,hat for Quokkas,Perfect hat for all the quokka enthusiasts out there.,product_images/depositphotos_661112890-stock-photo-happy-animal-quokka-winking-your.jpg,Quokka themed hat,2018-10-01 13:12:58,2018-10-01 13:12:58,20,5
163,notebook with Quokka Magic,Add a touch of quokka magic to your life with this notebook.,product_images/quokka-7656365_1280.webp,Quokka themed notebook,2018-10-01 13:12:58,2018-10-01 13:12:58,19,36
164,Quokka's Favorite mug,"""Quokkas absolutely adore this mug",product_images/1efctzlr39ia1.jpg,,2018-10-01 13:12:58,2018-10-01 13:12:58,2,51
165,Quokka-themed mug,Get into the quokka spirit with this amazing mug!,product_images/meet-a-quokka-aka-the-worlds-happiest-animal-aka-a-short-v0-02dv1ihoyb3a1.webp,Quokka themed mug,2018-10-01 13:12:58,2018-10-01 13:12:58,2,6
166,t-shirt with Quokka Magic,Add a touch of quokka magic to your life with this t-shirt.,"product_images/flat,750x,075,f-pad,750x1000,f8f8f8.jpg",Quokka themed t-shirt,2018-10-01 13:12:58,2018-10-01 13:12:58,7,31
167,notebook for Quokkas,Perfect notebook for all the quokka enthusiasts out there.,product_images/Happy-quokka.jpg,Quokka themed notebook,2018-10-01 13:12:58,2018-10-01 13:12:58,19,6
168,Exclusive Quokka sticker,An exclusive sticker that captures the essence of quokkas.,product_images/e058wczwpwl91.webp,Quokka themed sticker,2018-10-01 13:12:58,2018-10-01 13:12:58,19,81
169,poster - The Quokka Way,Experience the quokka way of life with this poster.,product_images/7c1b43f1865af1767ab078be3b7f13d8.png,Quokka themed poster,2018-10-01 13:12:58,2018-10-01 13:12:58,13,39
170,pillow Inspired by Quokkas,Embrace the quokka lifestyle with this stunning pillow.,product_images/ff65869379f8a0329cde6c8d2a3cda17.jpg,Quokka themed pillow,2018-10-01 13:12:58,2018-10-01 13:12:58,12,8
171,hat with Quokka Magic,Add a touch of quokka magic to your life with this hat.,product_images/quokka-cartoon-illustration-isolated-free-vector.jpg,Quokka themed hat,2018-10-01 13:12:58,2018-10-01 13:12:58,20,9
172,Quokka Adventure: t-shirt Edition,Join the quokkas on an adventure with this special t-shirt.,product_images/Screenshot 2023-12-03 at 6.07.18 PM.png,Quokka themed t-shirt,2018-10-01 13:12:58,2018-10-01 13:12:58,7,96
173,t-shirt - Quokka Edition,Celebrate quokkas with this limited edition t-shirt.,product_images/48891628.jpg,Quokka themed t-shirt,2018-10-01 13:12:58,2018-10-01 13:12:58,7,39
174,notebook - Quokka Edition,Celebrate quokkas with this limited edition notebook.,product_images/public.avif,Quokka themed notebook,2018-10-01 13:12:58,2018-10-01 13:12:58,19,10
175,hat Quokka Plushie,Soft and cuddly plushie inspired by the adorable quokka.,product_images/public.avif,Quokka themed hat,2018-10-01 13:12:58,2018-10-01 13:12:58,20,39
176,Quokka's Favorite socks,"""Quokkas absolutely adore this socks",product_images/large-Quokka-photo.webp,,2018-10-01 13:12:58,2018-10-01 13:12:58,7,9
177,Quokka-themed notebook,Get into the quokka spirit with this amazing notebook!,product_images/quokka-running-crop.avif,Quokka themed notebook,2018-10-01 13:12:58,2018-10-01 13:12:58,19,98
178,Quokka's Favorite keychain,"""Quokkas absolutely adore this keychain",product_images/quokka-2676171_1920.webp,,2018-10-01 13:12:58,2018-10-01 13:12:58,20,31
179,Quokka and socks Combo,The perfect combo for quokka and socks lovers alike.,product_images/meet-a-quokka-aka-the-worlds-happiest-animal-aka-a-short-v0-02dv1ihoyb3a1.webp,Quokka themed socks,2018-10-01 13:12:58,2018-10-01 13:12:58,7,22
180,Quokka-themed keychain,Get into the quokka spirit with this amazing keychain!,product_images/public.avif,Quokka themed keychain,2018-10-01 13:12:58,2018-10-01 13:12:58,20,6
181,Quokka Friendly keychain,Quokkas give their seal of approval to this keychain.,product_images/6133232564f097f97dc39f94f312fab6.jpg,Quokka themed keychain,2018-10-01 13:12:58,2018-10-01 13:12:58,20,13
182,Quokka and pillow Combo,The perfect combo for quokka and pillow lovers alike.,product_images/Happy-quokka.jpg,Quokka themed pillow,2018-10-01 13:12:58,2018-10-01 13:12:58,12,42
183,sticker - Quokka Edition,Celebrate quokkas with this limited edition sticker.,product_images/e058wczwpwl91.webp,Quokka themed sticker,2018-10-01 13:12:58,2018-10-01 13:12:58,19,10
184,Handmade t-shirt with Quokka Design,Beautifully crafted t-shirt featuring intricate quokka designs.,product_images/quokka-cartoon-illustration-isolated-free-vector.jpg,Quokka themed t-shirt,2018-10-01 13:12:58,2018-10-01 13:12:58,7,82
185,Quokka and poster Combo,The perfect combo for quokka and poster lovers alike.,product_images/DEREK.webp,Quokka themed poster,2018-10-01 13:12:58,2018-10-01 13:12:58,13,2
186,Quokka and mug Combo,The perfect combo for quokka and mug lovers alike.,product_images/quokka-cartoon-illustration-isolated-free-vector.jpg,Quokka themed mug,2018-10-01 13:12:58,2018-10-01 13:12:58,2,5
187,Quokka Adventure: poster Edition,Join the quokkas on an adventure with this special poster.,product_images/6oppejma1tmb1.jpg,Quokka themed poster,2018-10-01 13:12:58,2018-10-01 13:12:58,13,9
188,Quokka Lover's socks,Every quokka lover needs this socks in their life.,product_images/images (1).jpeg,Quokka themed socks,2018-10-01 13:12:58,2018-10-01 13:12:58,7,6
189,Handmade socks with Quokka Design,Beautifully crafted socks featuring intricate quokka designs.,product_images/quokka1.jpeg,Quokka themed socks,2018-10-01 13:12:58,2018-10-01 13:12:58,7,12
190,sticker Inspired by Quokkas,Embrace the quokka lifestyle with this stunning sticker.,product_images/quokka3-e1572408330773.jpg,Quokka themed sticker,2018-10-01 13:12:58,2018-10-01 13:12:58,19,10
191,Quokka Lover's poster,Every quokka lover needs this poster in their life.,product_images/1efctzlr39ia1.jpg,Quokka themed poster,2018-10-01 13:12:58,2018-10-01 13:12:58,13,2
192,poster Inspired by Quokkas,Embrace the quokka lifestyle with this stunning poster.,"product_images/flat,750x,075,f-pad,750x1000,f8f8f8.jpg",Quokka themed poster,2018-10-01 13:12:58,2018-10-01 13:12:58,13,96
193,notebook Quokka Plushie,Soft and cuddly plushie inspired by the adorable quokka.,product_images/7c1b43f1865af1767ab078be3b7f13d8.png,Quokka themed notebook,2018-10-01 13:12:58,2018-10-01 13:12:58,19,51
194,poster Quokka Plushie,Soft and cuddly plushie inspired by the adorable quokka.,product_images/quokka3-e1572408330773.jpg,Quokka themed poster,2018-10-01 13:12:58,2018-10-01 13:12:58,13,6
195,socks - Quokka Edition,Celebrate quokkas with this limited edition socks.,product_images/6133232564f097f97dc39f94f312fab6.jpg,Quokka themed socks,2018-10-01 13:12:58,2018-10-01 13:12:58,7,98
196,notebook - The Quokka Way,Experience the quokka way of life with this notebook.,product_images/quokka-cute-animal-free-photo.jpg,Quokka themed notebook,2018-10-01 13:12:58,2018-10-01 13:12:58,19,82
197,Quokka Lover's pillow,Every quokka lover needs this pillow in their life.,product_images/quokka-2676171_1920.webp,Quokka themed pillow,2018-10-01 13:12:58,2018-10-01 13:12:58,13,65
198,Quokka and keychain Combo,The perfect combo for quokka and keychain lovers alike.,product_images/quokka1.jpeg,Quokka themed keychain,2018-10-01 13:12:58,2018-10-01 13:12:58,20,13
199,socks with Quokka Magic,Add a touch of quokka magic to your life with this socks.,product_images/quokka-running-crop.avif,Quokka themed socks,2018-10-01 13:12:58,2018-10-01 13:12:58,7,31
200,Exclusive Quokka notebook,An exclusive notebook that captures the essence of quokkas.,product_images/quokka-2676171_1920.webp,Quokka themed notebook,2018-10-01 13:12:58,2018-10-01 13:12:58,19,65
201,Quokka Approved poster,"""Quokka approved",product_images/quokka2.png,,2018-10-01 13:12:58,2018-10-01 13:12:58,13,22
202,Quokka Lover's mug,Every quokka lover needs this mug in their life.,product_images/images.jpeg,Quokka themed mug,2018-10-01 13:12:58,2018-10-01 13:12:58,2,82
203,Quokka-themed hat,Get into the quokka spirit with this amazing hat!,product_images/quokka-cute-animal-free-photo.jpg,Quokka themed hat,2018-10-01 13:12:58,2018-10-01 13:12:58,20,65
204,hat - The Quokka Way,Experience the quokka way of life with this hat.,product_images/images.jpeg,Quokka themed hat,2018-10-01 13:12:58,2018-10-01 13:12:58,20,81
205,Quokka Adventure: bag Edition,Join the quokkas on an adventure with this special bag.,product_images/quokka-running-crop.avif,Quokka themed bag,2018-10-01 13:12:58,2018-10-01 13:12:58,20,31
206,Quokka Approved keychain,"""Quokka approved",product_images/quokka-running-crop.avif,,2018-10-01 13:12:58,2018-10-01 13:12:58,20,39
207,Handmade poster with Quokka Design,Beautifully crafted poster featuring intricate quokka designs.,product_images/1_0lkX3gSqq8PnT51YTBDmnQ.jpg,Quokka themed poster,2018-10-01 13:12:58,2018-10-01 13:12:58,13,65
208,Quokka Approved t-shirt,"""Quokka approved",product_images/quokka-chris-butler.jpg,,2018-10-01 13:12:58,2018-10-01 13:12:58,7,51
209,Quokka Friendly sticker,Quokkas give their seal of approval to this sticker.,product_images/quokka3-e1572408330773.jpg,Quokka themed sticker,2018-10-01 13:12:58,2018-10-01 13:12:58,19,14
210,pillow - Quokka Edition,Celebrate quokkas with this limited edition pillow.,product_images/ff65869379f8a0329cde6c8d2a3cda17.jpg,Quokka themed pillow,2018-10-01 13:12:58,2018-10-01 13:12:58,12,42
211,sticker - The Quokka Way,Experience the quokka way of life with this sticker.,product_images/quokka-chris-butler.jpg,Quokka themed sticker,2018-10-01 13:12:58,2018-10-01 13:12:58,19,51
212,Quokka Approved sticker,"""Quokka approved",product_images/dfuwni4-8689dc96-be9a-4e5d-a8dc-d99da7d4540f.jpg,,2018-10-01 13:12:58,2018-10-01 13:12:58,19,13
213,keychain with Quokka Magic,Add a touch of quokka magic to your life with this keychain.,product_images/Happy-quokka.jpg,Quokka themed keychain,2018-10-01 13:12:58,2018-10-01 13:12:58,20,82
214,socks Quokka Plushie,Soft and cuddly plushie inspired by the adorable quokka.,product_images/7c1b43f1865af1767ab078be3b7f13d8.png,Quokka themed socks,2018-10-01 13:12:58,2018-10-01 13:12:58,7,51
215,t-shirt Quokka Plushie,Soft and cuddly plushie inspired by the adorable quokka.,product_images/images.jpeg,Quokka themed t-shirt,2018-10-01 13:12:58,2018-10-01 13:12:58,7,22
216,Quokka Approved pillow,"""Quokka approved",product_images/6133232564f097f97dc39f94f312fab6.jpg,,2018-10-01 13:12:58,2018-10-01 13:12:58,13,10
217,keychain Inspired by Quokkas,Embrace the quokka lifestyle with this stunning keychain.,product_images/ff65869379f8a0329cde6c8d2a3cda17.jpg,Quokka themed keychain,2018-10-01 13:12:58,2018-10-01 13:12:58,20,14
218,Quokka Lover's bag,Every quokka lover needs this bag in their life.,product_images/e058wczwpwl91.webp,Quokka themed bag,2018-10-01 13:12:58,2018-10-01 13:12:58,20,98
219,Handmade hat with Quokka Design,Beautifully crafted hat featuring intricate quokka designs.,product_images/1efctzlr39ia1.jpg,Quokka themed hat,2018-10-01 13:12:58,2018-10-01 13:12:58,20,14
220,Quokka-themed pillow,Get into the quokka spirit with this amazing pillow!,product_images/quokka-7656365_1280.webp,Quokka themed pillow,2018-10-01 13:12:58,2018-10-01 13:12:58,12,6
221,mug - Quokka Edition,Celebrate quokkas with this limited edition mug.,product_images/quokka2.png,Quokka themed mug,2018-10-01 13:12:58,2018-10-01 13:12:58,2,52
222,Quokka Approved notebook,"""Quokka approved",product_images/images (1).jpeg,,2018-10-01 13:12:58,2018-10-01 13:12:58,19,81
223,Exclusive Quokka mug,An exclusive mug that captures the essence of quokkas.,product_images/48891628.jpg,Quokka themed mug,2018-10-01 13:12:58,2018-10-01 13:12:58,2,5
224,sticker for Quokkas,Perfect sticker for all the quokka enthusiasts out there.,product_images/quokka-cute-animal-free-photo.jpg,Quokka themed sticker,2018-10-01 13:12:58,2018-10-01 13:12:58,19,13
225,keychain - The Quokka Way,Experience the quokka way of life with this keychain.,product_images/ff65869379f8a0329cde6c8d2a3cda17.jpg,Quokka themed keychain,2018-10-01 13:12:58,2018-10-01 13:12:58,20,5
226,bag for Quokkas,Perfect bag for all the quokka enthusiasts out there.,product_images/DEREK.webp,Quokka themed bag,2018-10-01 13:12:58,2018-10-01 13:12:58,20,36
227,Quokka Adventure: notebook Edition,Join the quokkas on an adventure with this special notebook.,product_images/depositphotos_661112890-stock-photo-happy-animal-quokka-winking-your.jpg,Quokka themed notebook,2018-10-01 13:12:58,2018-10-01 13:12:58,19,52
228,pillow - The Quokka Way,Experience the quokka way of life with this pillow.,product_images/Quokka.jpg,Quokka themed pillow,2018-10-01 13:12:58,2018-10-01 13:12:58,12,96
229,Handmade sticker with Quokka Design,Beautifully crafted sticker featuring intricate quokka designs.,product_images/Screenshot 2023-12-03 at 6.07.18 PM.png,Quokka themed sticker,2018-10-01 13:12:58,2018-10-01 13:12:58,19,51
230,Handmade notebook with Quokka Design,Beautifully crafted notebook featuring intricate quokka designs.,product_images/quokka-nicole-wilson.jpg,Quokka themed notebook,2018-10-01 13:12:58,2018-10-01 13:12:58,19,22
231,Exclusive Quokka socks,An exclusive socks that captures the essence of quokkas.,product_images/quokka1.jpeg,Quokka themed socks,2018-10-01 13:12:58,2018-10-01 13:12:58,7,12
232,Quokka Approved bag,"""Quokka approved",product_images/7c1b43f1865af1767ab078be3b7f13d8.png,,2018-10-01 13:12:58,2018-10-01 13:12:58,20,6
233,Quokka-themed t-shirt,Get into the quokka spirit with this amazing t-shirt!,product_images/quokka-blobfish-with-rainbow-and-hearts-zimstarus.jpg,Quokka themed t-shirt,2018-10-01 13:12:58,2018-10-01 13:12:58,7,42
234,pillow with Quokka Magic,Add a touch of quokka magic to your life with this pillow.,product_images/large-Quokka-photo.webp,Quokka themed pillow,2018-10-01 13:12:58,2018-10-01 13:12:58,20,51
235,Quokka Approved mug,"""Quokka approved",product_images/Cutest-Animals_-Quokka-1024x535.jpg,,2018-10-01 13:12:58,2018-10-01 13:12:58,2,12
236,Exclusive Quokka hat,An exclusive hat that captures the essence of quokkas.,product_images/depositphotos_661112890-stock-photo-happy-animal-quokka-winking-your.jpg,Quokka themed hat,2018-10-01 13:12:58,2018-10-01 13:12:58,20,14
237,Quokka's Favorite bag,"""Quokkas absolutely adore this bag",product_images/dfuwni4-8689dc96-be9a-4e5d-a8dc-d99da7d4540f.jpg,,2018-10-01 13:12:58,2018-10-01 13:12:58,20,2
238,Exclusive Quokka poster,An exclusive poster that captures the essence of quokkas.,product_images/48891628.jpg,Quokka themed poster,2018-10-01 13:12:58,2018-10-01 13:12:58,13,6
239,Quokka Adventure: socks Edition,Join the quokkas on an adventure with this special socks.,product_images/austrailian-quokka-sand.webp,Quokka themed socks,2018-10-01 13:12:58,2018-10-01 13:12:58,7,2
240,Quokka's Favorite pillow,"""Quokkas absolutely adore this pillow",product_images/adorable-quokka-cute-furry-animal-portrait-fish-eye-lens-wildlife-jungle-mammal-adorable-quokka-cute-furry-animal-portrait-fish-270970729.jpg,,2018-10-01 13:12:58,2018-10-01 13:12:58,12,10
241,bag Quokka Plushie,Soft and cuddly plushie inspired by the adorable quokka.,product_images/Screenshot 2023-12-03 at 6.07.18 PM.png,Quokka themed bag,2018-10-01 13:12:58,2018-10-01 13:12:58,20,2
242,Quokka and notebook Combo,The perfect combo for quokka and notebook lovers alike.,product_images/Screenshot 2023-12-03 at 6.07.18 PM.png,Quokka themed notebook,2018-10-01 13:12:58,2018-10-01 13:12:58,19,51
243,Handmade pillow with Quokka Design,Beautifully crafted pillow featuring intricate quokka designs.,product_images/quokka-chris-butler.jpg,Quokka themed pillow,2018-10-01 13:12:58,2018-10-01 13:12:58,12,39
244,Quokka Approved socks,"""Quokka approved",product_images/a179c6x088fa1.jpg,,2018-10-01 13:12:58,2018-10-01 13:12:58,7,31
245,keychain - Quokka Edition,Celebrate quokkas with this limited edition keychain.,product_images/meet-a-quokka-aka-the-worlds-happiest-animal-aka-a-short-v0-02dv1ihoyb3a1.webp,Quokka themed keychain,2018-10-01 13:12:58,2018-10-01 13:12:58,20,5
246,poster for Quokkas,Perfect poster for all the quokka enthusiasts out there.,"product_images/flat,750x,075,f-pad,750x1000,f8f8f8.jpg",Quokka themed poster,2018-10-01 13:12:58,2018-10-01 13:12:58,13,82
247,socks Inspired by Quokkas,Embrace the quokka lifestyle with this stunning socks.,product_images/quokka3-e1572408330773.jpg,Quokka themed socks,2018-10-01 13:12:58,2018-10-01 13:12:58,7,36
248,Quokka Friendly notebook,Quokkas give their seal of approval to this notebook.,product_images/adorable-quokka-cute-furry-animal-portrait-fish-eye-lens-wildlife-jungle-mammal-adorable-quokka-cute-furry-animal-portrait-fish-270970729.jpg,Quokka themed notebook,2018-10-01 13:12:58,2018-10-01 13:12:58,19,31
249,t-shirt Inspired by Quokkas,Embrace the quokka lifestyle with this stunning t-shirt.,product_images/large-Quokka-photo.webp,Quokka themed t-shirt,2018-10-01 13:12:58,2018-10-01 13:12:58,7,9
250,t-shirt for Quokkas,Perfect t-shirt for all the quokka enthusiasts out there.,product_images/e058wczwpwl91.webp,Quokka themed t-shirt,2018-10-01 13:12:58,2018-10-01 13:12:58,7,31
251,bag - Quokka Edition,Celebrate quokkas with this limited edition bag.,product_images/quokka1.jpeg,Quokka themed bag,2018-10-01 13:12:58,2018-10-01 13:12:58,20,98
252,Quokka Adventure: sticker Edition,Join the quokkas on an adventure with this special sticker.,product_images/images.jpeg,Quokka themed sticker,2018-10-01 13:12:58,2018-10-01 13:12:58,19,39
253,Quokka Lover's notebook,Every quokka lover needs this notebook in their life.,product_images/Tongue-out-quokka.jpg,Quokka themed notebook,2018-10-01 13:12:58,2018-10-01 13:12:58,19,13
