"0","14","3","Role together range line beyond its particularly tree whom local tend employee source","2021-07-28 14:00:50"
"0","2","1","Ball floor meet usually board necessary religious","2022-09-29 18:46:01"
"0","6","5","Together type music hospital relate every speech support time operation wear often late","2019-04-07 01:03:31"
"0","51","5","Staff beyond chair recently and off travel move quite ago play paper office hospital have wonder already against which continue buy","2021-10-06 03:25:38"
"0","81","4","Particular pull opportunity throughout take car financial security stock ball organization recognize civil development large","2023-01-12 23:21:58"
"0","96","2","Wear individual about add senior woman put partner couple part cup few read consider little type physical against trial son break either","2019-01-22 18:01:48"
"0","39","4","Onto across character four smile responsibility full per among clearly word face house nature fall long dream answer conference mission audience","2020-09-13 17:42:52"
"0","65","3","Space cup determine his better news face turn","2019-09-04 01:05:31"
"0","12","4","Market either political young something perhaps bit learn gun still bit","2020-08-25 14:40:33"
"38","50","4","Measure too maybe off question source serious wrong section town","2022-11-08 10:37:59"
"38","51","1","Now four management energy stay significant his himself clearly very dream role free walk loss cell","2021-07-04 15:26:53"
"38","42","4","Team yet although hot he couple ground place what top always effort ago","2019-12-20 15:20:19"
"38","6","4","Try while reveal bad audience grow ahead girl act window standard audience throw debate daughter","2019-03-11 14:42:21"
"38","5","3","Back available inside nearly scientist central instead PM be know hard we around impact individual rock fly daughter fall","2019-02-09 20:01:32"
"38","36","4","Sense far store last left despite boy without feeling participant interest seem begin marriage which myself if place again establish protect a huge three","2019-09-02 17:35:50"
"38","39","3","Scientist tough everything kind nothing case but building husband life nice","2023-07-23 19:29:11"
"36","8","2","Green hospital year suffer without rather","2020-10-08 04:31:55"
"36","51","5","Interview man role somebody keep daughter report town almost plan that hair sea quality","2021-11-26 19:31:44"
"36","82","3","Eight miss couple bag thank generation study economy rock feeling might his lot the drive figure necessary across manager","2022-10-23 22:29:56"
"36","52","3","Baby interview senior stop always Congress majority campaign that various floor itself news experience must cut father kid painting movie end discussion budget","2022-09-07 00:13:03"
"36","22","4","Population brother say grow push region produce develop story drive million push do pick expert commercial special","2019-12-21 09:20:44"
"36","39","1","Other majority final when new clear these speak say national region bad case I course first factor want decade firm","2019-02-26 19:30:47"
"36","5","3","Itself group computer forget would section him important enough most save rather leg among TV important hope","2020-10-10 16:57:19"
"36","65","1","Past always future scene heavy personal threat many group public","2022-10-29 10:17:14"
"36","10","5","Various although house build get anything event yet effect quite reflect upon yet seven several","2023-08-19 06:57:15"
"40","82","3","Manager idea issue color small notice kind game act return travel professional production election partner audience very everything store morning","2021-06-06 15:01:56"
"40","81","3","Door research tell time special beyond could key assume interview house even join serious green foreign film manage several dark huge itself","2023-10-23 16:11:36"
"40","52","2","Above course book music amount up suddenly war fire town worker share","2021-11-21 10:16:46"
"40","50","2","General one bar nice spend cut end red effect else very your choice too","2022-03-25 04:16:28"
"40","51","1","Tree care sign arm bar military able simple billion parent now from her gun","2020-04-16 04:41:33"
"40","6","3","Approach great top series public none sound include air sort couple","2019-08-05 12:43:21"
"66","42","3","Lot thousand question analysis drive example color draw","2021-09-22 21:21:23"
"66","5","4","Purpose here ago job trial four easy case","2020-03-10 20:38:57"
"66","12","4","Require page claim future in opportunity you exist me value","2022-08-14 03:19:11"
"66","2","3","Heart decade care book ground all office less politics religious back international risk catch","2022-06-05 12:19:57"
"66","51","5","Reason treatment worker season figure they yeah get we memory who yet spend raise child above other relate very military","2021-10-03 19:46:41"
"66","6","2","Dinner stuff find different many water meeting future back off difficult happen high serve discuss very","2018-12-23 23:20:50"
"66","36","5","Upon full director race wish let left very","2021-01-02 14:48:02"
"41","12","2","Do analysis him above bring painting various current scientist culture ability to","2022-01-12 09:04:04"
"41","10","4","Quality political other begin war resource evening realize per probably her of","2022-01-22 15:59:38"
"41","2","3","Law go simple improve language thousand need when simple difference drop local cell kid growth main use","2021-10-15 15:23:09"
"41","5","3","Rich consumer type Republican organization its plant pay together number degree kid drug toward","2023-05-14 09:45:01"
"41","31","2","Management court head successful response hospital wrong fish yeah attack detail box choose view week remain","2021-05-15 18:42:11"
"18","39","2","Information serious fine seat should dream whose agreement tell mention check election order everything stuff","2019-01-24 11:48:13"
"18","5","4","Those budget involve all evening his gas health sort couple","2020-01-27 00:09:16"
"18","10","3","Best student describe concern professional discover cut recognize keep citizen result thus wind natural customer letter finish campaign","2020-11-01 01:01:19"
"18","65","5","Increase mother important ball woman you company drop","2022-10-03 06:16:55"
"18","8","1","Effect fine speak majority large but hear minute discuss space","2023-11-21 12:44:06"
"18","82","4","Eat determine feeling certainly necessary economy agree discussion","2021-12-22 01:56:51"
"18","2","3","Hold his moment billion talk mouth tonight throw action section drug how purpose","2022-03-05 18:21:47"
"18","6","4","Phone meeting add challenge project happen white maybe read card look safe street current however list","2020-01-29 19:57:38"
"30","14","5","Meeting space military tonight sing media step live","2023-04-24 02:02:34"
"30","50","2","Only wait technology town approach today all positive us maybe information forward trouble unit people research fund catch without prevent ever with","2023-03-27 22:29:55"
"30","51","1","Rather beyond share energy size play meeting movie avoid American address simply catch but","2023-01-14 08:56:06"
"30","10","4","Area student there certainly walk camera debate western store office explain education idea across player appear similar audience act","2022-05-18 09:55:31"
"30","81","2","Voice thank local option five prove performance mention discussion maybe","2021-07-05 11:16:25"
"30","22","4","Specific show pressure local rise general sort stay rise two","2022-07-02 01:16:24"
"30","98","1","Down herself drive effort drop onto until head lay out perhaps chair during such","2022-08-03 12:02:55"
"30","8","5","Learn economy explain main sport summer sea record recent approach trip throughout free civil entire result just","2020-04-29 03:15:07"
"30","6","5","Sign office until particularly when thing everyone","2022-04-07 00:18:11"
"30","96","1","That admit Mrs look call spring establish together record system","2020-06-25 10:25:16"
"30","13","3","Beyond majority good open executive experience hotel compare box operation prepare might catch","2021-04-11 10:41:56"
"84","6","4","Pattern might offer indeed light hot because movement business pull see collection cut drive","2019-03-26 01:28:25"
"84","5","3","Tv drive adult executive military plan school certainly meet floor right growth specific court","2020-02-03 19:47:11"
"84","10","3","Positive better management minute air represent sound beat start say either none heavy down business state way sister civil market value","2019-08-29 22:53:45"
"84","8","2","Black believe performance officer election information among avoid still later get effect","2020-06-10 21:06:17"
"84","13","2","Write under fear knowledge player down positive tough fill happy last hit poor appear since experience perform","2023-10-12 07:25:11"
"84","52","1","Job follow result court improve use","2019-11-12 11:20:35"
"84","2","4","Down PM benefit arm subject over feeling money newspaper question a certain behavior send laugh cup hear prove leave","2022-03-22 01:06:16"
"84","12","5","Early student range know close election stop cold relate","2021-05-22 21:58:57"
"84","98","4","Get finish pick shake level season tough general simple cost develop left poor head","2020-12-03 02:06:21"
"84","65","2","Process rest really wait if everything bad age local season school able pattern","2023-02-08 11:10:54"
"75","98","4","Research wind yard street only over like hard industry trial position college also keep kid assume","2022-08-09 17:30:02"
"75","2","4","Us lawyer finally until help attention American some before according final ability person","2021-06-07 12:21:55"
"75","42","2","Media along these easy role yes to more food recognize national training drug really","2019-08-15 20:39:46"
"75","51","1","The common prevent spend food world believe","2021-02-25 02:38:04"
"75","12","1","Establish son turn another wonder reveal yet possible account question dinner write usually team remember effect","2022-07-08 09:27:08"
"75","13","4","Market the particular available expect really amount accept sometimes","2019-11-25 07:50:43"
"54","98","2","Bring society industry control thank direction quite television south security threat top","2021-11-18 23:34:38"
"54","6","4","Fire education expect part age visit message maybe instead room seven reveal whole increase beat sometimes Republican agent manage special way glass line knowledge","2021-01-25 05:13:51"
"54","52","3","Man remember rich yeah simple guess member hour movement time","2023-02-03 10:51:19"
"54","65","3","Letter career election few turn think tree amount billion beyond quality fill final oil Congress according senior if plan before talk want it manage heavy investment","2020-02-13 17:37:09"
"54","50","4","Both focus foreign four seven ability probably few cost summer city","2021-12-18 20:34:07"
"14","5","3","Parent behind bank oil describe section few stay top most reflect shake phone positive","2019-12-14 23:54:34"
"14","6","3","Speak cause compare difficult discuss call share its guess different follow current pay fire market gas wind task top worry there","2021-07-04 03:42:21"
"14","81","3","Serve rule thus growth him power morning","2019-06-20 19:47:14"
"14","12","2","Investment science task spend candidate whose local week color wait cover thank establish subject clearly take product building","2021-06-23 06:07:04"
"14","50","1","Now owner believe industry yeah see country response concern reach every put college would from beyond bed activity country","2020-11-02 05:54:03"
"14","22","5","Social per civil center newspaper note quite","2022-10-31 13:36:01"
"14","65","4","Choose song according foot choice space federal condition officer speech back ten mention laugh spring move single traditional start","2021-06-20 07:13:56"
"14","2","2","Operation kitchen mind wife although them item suffer then say listen miss other how require take front west none","2021-03-08 04:09:14"
"9","50","4","Some significant specific city paper part them just employee Mr management admit any could manage probably","2023-09-06 07:14:01"
"9","98","3","Field off government forget evidence short star feel chance although address politics training hundred it start now family above ready lawyer attack","2020-11-09 17:13:11"
"9","51","1","Prove picture million type speech other","2022-03-03 12:20:25"
"9","2","5","Series window tax marriage society size improve hit nice kind performance sport","2022-03-10 15:27:38"
"59","6","3","True discussion without current rate business worker professor wife get hospital theory","2021-05-10 10:08:00"
"59","42","5","Vote support much ready back song group environmental foreign threat billion","2021-06-09 20:55:46"
"59","51","3","Water while woman travel not identify score model dinner simply clear prepare wear movement certainly group member it chance our they will consider","2022-07-21 10:52:59"
"59","22","3","Rich seat total sound late camera provide keep remember write friend kitchen gas fly drug good gun grow","2021-10-30 05:14:49"
"59","2","3","Effort not hear pressure finish pressure recognize would pattern still simply during scientist white better black over before","2020-11-09 16:16:42"
"59","81","5","Note understand enough production scene start of wind white message laugh billion onto find read respond tend sea","2022-10-31 00:46:24"
"59","14","5","Six enough war husband land live former serve office owner over family game before","2023-04-25 02:48:29"
"59","50","5","Music field under serious phone avoid stand","2022-12-26 06:00:15"
"59","65","1","Learn economic recent let receive scene","2019-02-25 03:42:51"
"59","82","4","Five modern there resource box during star much fine sometimes drive manage management conference","2019-02-01 10:15:29"
"45","14","1","Some various watch choice cause natural","2019-02-06 04:02:01"
"45","52","3","Least organization probably only each ability carry kid why nothing woman subject you face ready issue","2020-04-10 23:22:37"
"45","13","5","Make case debate administration expert it","2023-10-06 09:49:48"
"45","42","3","Finally central whatever employee remember out some left us dark consumer several lay say story improve money real international","2022-07-15 18:13:36"
"45","81","3","Gas right yes American call statement specific head friend or try such or much tree book","2021-01-23 00:20:18"
"45","6","4","Assume hot chance foot candidate case research approach live necessary interesting easy perhaps","2021-07-06 10:03:57"
"45","65","1","Imagine perhaps laugh popular too high inside somebody analysis","2019-05-06 21:25:16"
"45","82","4","Still beyond Congress television never discuss truth trial hundred anything morning surface the candidate reality process at direction share budget its","2023-11-16 23:13:13"
"45","10","5","Firm industry let summer ever voice hotel at week key","2023-06-23 20:14:58"
"45","98","4","Environment list weight opportunity trade along which worry door tonight","2022-03-02 01:00:24"
"45","8","5","Cold team miss great without finish weight theory result discussion would arrive","2020-05-12 18:56:48"
"45","51","1","Blue since long economic tough also money system involve require region sign rule feel","2023-11-30 17:47:55"
"32","6","5","So section reveal structure chair same impact no almost international executive base play kitchen try trial","2022-07-06 11:59:28"
"32","98","3","Industry themselves especially husband government choice before Democrat among hotel service everything writer","2019-10-24 18:43:52"
"32","50","2","Eye between able tax owner the manager major newspaper rock mind walk child above lawyer teacher personal receive","2020-07-22 23:14:00"
"32","12","3","Happen look attorney final sell wonder leg kind certain ready thousand ask possible decide career professor experience ball role their once should real Mrs","2022-11-27 14:09:29"
"32","81","4","Have five mission prevent customer move party","2020-03-17 13:28:58"
"32","8","3","All evening process of run firm sell area almost do still born same wall","2022-05-30 02:14:45"
"32","51","2","Sell positive blood home hear car thousand very well religious those report reason country debate son stuff consumer any space what practice","2019-02-22 10:53:50"
"32","22","1","Business us region receive for data Republican face past behind just","2021-12-06 17:39:14"
"32","10","1","Process little Mr population add age letter religious week","2023-08-11 10:40:31"
"32","82","3","Environment different some another run wall force magazine paper age physical current note","2023-01-23 15:04:23"
"32","65","1","Instead smile happen successful human stand service public according understand happen begin actually","2019-10-28 10:42:07"
"32","2","1","Fall spring choose power management sell magazine perform able such right culture watch","2022-08-19 00:15:08"
"32","42","4","Story teacher exist these perhaps such those position wrong","2019-07-05 06:25:46"
"52","2","2","Five anything rate significant meet adult prepare son particular economy evening","2019-05-23 19:48:54"
"52","14","2","Page strong term main feeling bag season short research despite approach beautiful late","2020-09-06 14:23:21"
"52","50","2","Piece time on expert must small hair strong","2022-11-12 01:48:06"
"52","52","1","Look probably public soon rest term tree pass he training one consider financial themselves future local her","2021-11-01 22:17:39"
"52","98","1","Rather summer country toward claim civil inside","2020-09-26 03:22:40"
"52","6","5","Several view PM coach upon project draw seat true listen art","2021-09-03 17:07:14"
"94","81","5","Ready avoid government interview pass adult allow boy own keep really language account early","2020-09-11 05:06:15"
"94","42","2","Remember recent type rest name term turn unit difficult matter police anyone including painting subject among fly","2020-01-09 03:07:20"
"94","51","4","Page smile less mother purpose part maintain study face partner draw go focus information house south","2021-08-06 02:40:28"
"94","14","3","Live environmental almost hand fear thus north do film modern write event","2019-08-07 07:26:32"
"94","12","4","Simple know garden say pass finally onto black trip all author","2022-06-04 05:07:14"
"53","82","3","Our rule father whether model end ball box mother section that figure bit","2021-09-26 04:16:03"
"53","22","1","Direction night much camera spend wait TV common once vote wrong market","2023-12-01 15:54:25"
"53","31","1","Notice season probably office another perform view agree others throughout attention all forward against federal","2019-05-15 04:27:22"
"53","42","2","Spend best sing laugh such carry field movement president game quickly","2023-06-26 20:40:07"
"53","5","4","Name student company light data language his few dinner might leg","2023-04-24 11:13:18"
"53","65","4","Be player thought ready majority peace fish go issue yet build administration mouth happen thousand agency nice probably international","2021-10-16 16:20:34"
"53","6","2","Thing few similar third over sometimes street pressure son time Democrat","2020-01-30 02:25:54"
"53","81","5","Fire what discuss campaign financial animal while kid chair maybe hold participant parent star too","2022-07-16 05:13:55"
"53","12","3","Easy describe imagine treatment bank operation fire some","2019-04-15 11:27:12"
"57","81","2","Mean item sound left result people season throughout degree question above democratic scientist film design","2020-10-31 09:45:28"
"57","22","2","Bill parent participant none southern close of enough fact other stuff Congress","2019-03-12 11:17:30"
"57","52","5","Quickly again imagine cut day job animal right man their event whose white him child by attention among than","2019-02-07 12:47:22"
"57","13","4","Section identify cause offer three itself seek pay marriage model exist data send push film image seem rule until rich","2023-08-21 00:26:41"
"57","51","3","Garden soon stop police PM think include how participant discover whether","2019-08-26 05:08:12"
"57","6","1","Company describe fact hit fund room provide upon summer during leader old series along","2021-03-28 15:31:59"
"57","65","1","Beat than government way statement finally list finish unit bar blood away east interesting attention opportunity study against must center somebody","2023-01-01 12:42:57"
"62","36","3","Project trial debate line news especially since hundred born have need eye bag recent eye again space body friend central","2020-05-31 17:05:38"
"62","22","5","Conference lawyer care nor can wall two everybody first above yet officer fish you","2020-12-17 02:11:53"
"62","65","4","Morning pay interview Republican wall imagine story middle weight total","2020-08-24 19:09:58"
"62","31","1","Rich beat rate or money foot since training food low respond","2023-03-12 11:55:07"
"62","52","1","Teach meet themselves leader hear cause figure though program arrive idea it tree onto","2023-05-19 22:48:50"
"62","14","5","Important current seven require likely improve good save return father they","2020-09-10 00:15:20"
"62","81","2","Could maintain position animal close subject hard usually direction campaign Congress push modern young century","2019-03-25 23:04:08"
"62","10","4","Which lead probably base open scene today bar including even break doctor song new natural discuss stay","2020-02-02 23:48:42"
"2","6","1","Seek plan one quickly mission score stay question population process future else","2021-04-08 05:59:57"
"2","52","2","Just within threat black president heart follow game","2023-10-27 02:26:11"
"2","65","2","Nor range statement religious force us development section","2021-11-20 11:59:02"
"2","50","5","Fall do movie black everything be student treatment challenge vote maintain","2022-08-22 13:57:51"
"2","8","3","Side part west hold leave provide story factor camera agree direction service ask behavior","2019-03-13 19:36:56"
"2","5","3","Cover somebody bad top total reduce recent look audience generation set onto figure common decision move record want sister relationship plan your participant sit","2020-08-06 12:16:23"
"2","12","4","Value team majority would author pressure allow general nice lot","2020-06-05 16:25:18"
"2","96","4","Loss safe growth range quality several red decision assume successful her however modern along various century energy reduce old with left","2020-01-18 01:06:55"
"2","51","4","Computer Democrat common both piece region give size offer consumer positive kind development impact plant conference and perform entire","2023-01-20 05:39:52"
"2","98","3","Suffer myself direction message age hand conference I art prove ready southern other but","2021-08-16 07:20:26"
"17","51","2","Score four force seat spring central then prepare fight crime water miss keep figure produce across treat","2023-11-01 09:05:13"
"17","12","2","West their free baby opportunity environmental certain size oil popular order","2019-06-10 06:31:28"
"17","10","2","Move a in politics trouble generation almost score","2022-02-26 19:59:22"
"17","65","4","Window send the live economic body change even site campaign your among now offer maybe coach let","2023-09-02 18:51:54"
"17","9","4","They film leader edge clearly voice region until American need outside who respond plant environmental time option a police team better","2020-02-24 09:36:56"
"17","52","2","Town recent blue politics firm phone conference someone relate modern owner it message meeting free even","2023-04-14 00:15:02"
"17","2","5","Difference become push ball better value fly hospital ready marriage grow another car behavior","2020-12-10 13:38:08"
"17","82","2","Drive sit feeling pass party above soldier around through realize season small","2022-06-24 16:15:31"
"17","42","2","Environment president station visit indeed school because until across must father hope kid many space live measure agree guy star film these issue everyone","2022-06-12 12:29:30"
"17","81","5","Offer much charge notice practice should size center pretty else pass tonight stuff learn exactly reach","2019-10-16 14:28:12"
"17","39","4","Ground information new into toward six sing evidence fact","2020-10-11 20:01:15"
"17","98","4","Every others election few mind soon out whom free smile notice customer bring marriage dark hour amount","2020-08-22 20:27:59"
"34","52","4","Customer score finally ahead when value point set unit gas personal wish article technology later true heavy amount middle us nearly drop quickly network network","2019-07-15 14:09:52"
"34","81","3","Dark tough subject effect message west take black impact help these which sign politics enter","2023-09-25 15:34:37"
"34","96","3","A decision off sell require parent","2021-10-08 23:01:02"
"34","12","4","Number moment against purpose market east movie present people remember development","2019-06-04 12:26:09"
"34","5","5","What someone himself history floor very mother report finally raise staff why college","2019-12-29 14:27:40"
"34","10","5","Apply spring blood response heavy movement hear decide support attorney heavy six mean million both decision room fine","2021-01-29 07:09:48"
"34","13","3","Guy month not ahead thank case case away","2019-01-23 03:15:14"
"34","98","2","Tend sea development view seat eye anyone physical hotel exactly use ago I according nor expect affect","2020-02-20 21:45:11"
"34","82","1","Much region give project particular itself here low view statement account soon I within candidate support majority environment under no size","2022-09-04 05:57:18"
"34","39","5","Others easy send account consumer feeling follow meeting wonder important school kind consumer beat half gun some although middle reach plant","2023-09-17 10:50:00"
"34","22","1","Argue no from technology away cell office company should care month president everyone record Mrs about","2021-01-05 18:17:27"
"70","10","4","Enter hospital capital impact case military turn discover crime fear fast least treatment our garden family relate matter after","2021-07-13 18:02:21"
"70","42","3","Stand baby just movement interesting seat language Mrs raise black everyone official up material","2020-04-03 19:36:43"
"70","50","2","Provide quickly low even investment cultural responsibility bag glass base reason television indicate gas sort manage firm card family rich","2021-08-25 09:40:17"
"70","81","1","Strong key program because account final discover success reach radio still car throughout commercial interest your performance morning American condition","2019-12-25 01:17:19"
"70","6","2","Black them imagine religious course would seek consider item despite we push protect huge wall house himself feeling evening center official product focus detail article","2019-09-15 07:26:51"
"70","39","2","Record car fear measure south clearly country support young capital off tough difference impact management practice month","2022-08-28 18:47:56"
"70","98","2","Near nature culture which week local do field shoulder past argue every factor night establish","2020-07-02 08:31:50"
"70","51","5","Fill character court its property trade ready face successful upon TV police officer security reason every focus close into upon action challenge","2019-06-04 00:15:32"
"70","65","5","Position inside official hold official attack better even onto story stage report hear contain heavy upon require speak school night international","2019-03-11 13:54:23"
"12","12","3","Sign than on bar occur surface keep","2019-08-08 00:48:47"
"12","5","2","Half firm fish onto anyone modern majority often","2021-09-19 03:39:44"
"12","31","1","Account have south thank possible dream cover since various computer effort between collection talk","2021-07-21 18:25:42"
"12","6","3","Question religious herself bill impact ask floor final close campaign agreement pick position white bed TV direction job television off","2021-06-30 22:03:17"
"12","82","4","Lay plan face clearly than suffer point","2019-08-30 18:30:37"
"12","51","4","Allow eat position story sense painting at baby figure home officer son walk","2019-07-03 18:10:50"
"12","10","2","Local even environmental score increase audience president night member herself partner","2020-07-06 06:26:18"
"12","9","4","Popular away war word if light alone represent","2021-01-14 04:53:56"
"12","2","2","Life fear boy role worry program new article protect American case power teacher member simple model off official","2020-08-23 18:51:41"
"12","42","5","Item never eight court wide child half plant visit","2023-01-19 05:49:12"
"12","8","4","Foot offer suddenly consumer history toward station ability relate sea skill behind light wall matter different left scientist truth technology great need generation","2022-03-31 15:00:56"
"12","81","3","Wonder senior child image among production old herself concern teacher government pattern politics research too sell hear party sure model star employee size pretty admit alone","2023-04-06 08:37:52"
"87","96","3","Finally turn mean power dog safe feeling out Mrs nearly way","2020-07-19 15:50:45"
"87","12","2","Set within PM really effect culture glass executive in movement may poor do class","2020-01-30 12:52:23"
"87","82","2","Something world main case attack break keep travel least watch whether operation necessary some color step account join three prepare direction","2021-05-17 05:45:58"
"87","5","1","Evidence any name measure among memory short now score ever note","2019-07-09 12:05:50"
"87","14","5","Turn it draw find action with try question manager","2019-08-20 20:31:40"
"87","65","5","Poor out event state job them finish health whether","2019-03-10 07:27:48"
"87","13","2","Issue run nice stock success former organization could girl improve decade soon pressure outside however certainly detail cultural so art","2020-03-16 13:02:26"
"87","10","5","Huge research item life song somebody minute question few old plan eight ahead stock hear worry box onto would","2020-02-10 23:53:48"
"81","51","4","Fall bit nation reach write certain wide give front manager course avoid condition despite south possible chance manage position","2022-02-13 02:23:53"
"81","8","4","Political natural road last sign government company already discussion service technology research","2020-08-09 23:54:07"
"81","6","1","Shoulder decade modern force buy account simple child campaign check factor describe theory sell our for force","2021-03-19 13:04:50"
"81","52","2","Dream last within stand across could positive organization each do consumer bed color station","2022-09-03 19:23:30"
"81","10","3","Project boy some away production development always","2021-11-13 14:09:17"
"81","42","2","Court network manage let of quite all house agree until cut put tree choice someone","2019-08-25 04:44:38"
"81","81","4","First collection whether issue story choice however tax appear moment would Congress perform read production win form great doctor common","2019-10-07 08:50:30"
"81","12","3","Mrs investment event result along after somebody local reach whose result determine Republican he indeed few hand hear run available summer page discover raise and black Republican","2023-09-03 15:55:22"
"81","39","1","Throw election line meet modern deep particularly indicate","2022-11-20 08:43:14"
"86","98","3","Produce almost chance recent civil analysis nothing site class","2020-06-09 12:04:33"
"86","51","5","Type off exist paper as enter camera special national employee lose organization foreign pass culture sound media through western understand every feel huge","2023-03-04 16:52:06"
"86","81","2","Entire PM able partner across language lay","2022-02-05 15:30:55"
"86","12","4","Not executive road us back each decide source","2021-03-14 10:34:30"
"86","65","3","Alone suggest accept school mean performance act across expert subject vote final walk range","2022-03-09 01:44:27"
"86","6","4","Pretty knowledge human feel they against song happen Congress friend green near item","2022-08-18 17:34:19"
"33","52","4","Effect media claim foreign risk key positive through yard hard stock fish road young collection reduce industry interview international continue baby","2023-07-04 06:34:08"
"33","2","5","Avoid Congress list community theory save home sure child player any dark audience far","2020-11-25 18:56:22"
"33","65","4","Church responsibility these star boy move skill effect might people recent family I history exist television along sure","2019-03-10 02:34:58"
"33","81","3","Position recently site bed foot opportunity mouth present life than two since any cause computer throughout able how","2019-07-23 00:49:36"
"33","39","5","All leg west pick minute go record some forward suggest happen soldier human","2022-07-23 01:06:23"
"33","6","3","Or activity agent matter mother seem medical goal tonight my surface institution half very table through item better behind city","2019-12-01 04:19:04"
"33","36","5","Book support size city bar center these total sign know laugh laugh administration main project now its begin","2022-05-18 09:55:53"
"8","6","1","Hotel check push fight case change style human western role modern stop blood listen poor","2020-01-20 06:35:53"
"8","65","3","So defense live center friend job rather politics lay","2022-05-27 00:34:59"
"8","39","1","Science green role amount night find listen deal dinner paper gun","2019-08-10 11:44:40"
"8","12","4","News particularly system side development edge people figure cultural view together bar really stuff something yes security add service activity","2020-03-02 04:57:39"
"8","10","5","Thing west growth important serve compare dark design treatment","2019-06-04 19:18:22"
"8","98","4","Choice author serve more the do arrive price behavior","2021-09-06 01:42:09"
"8","42","2","Someone white enjoy join goal test animal enough southern particular institution lead rock nation fall very it eat likely town","2022-12-16 22:52:14"
"8","5","1","Condition reduce energy animal still by can","2019-08-17 21:54:18"
"8","50","3","Early shoulder blood left deal particularly night positive young how industry become month at hospital thank what person put see age","2020-08-25 07:41:07"
"8","82","5","Until buy seven west beyond toward plant support doctor above national experience soon tree work buy college next son impact ask law","2023-10-13 21:48:58"
"8","52","3","Economic never sort mind job this story room recognize present pattern court bill discussion while character side drive inside nice indeed top west increase little","2021-05-28 07:35:12"
"50","8","4","Pull thing consider region find phone itself think accept discuss leave political pressure","2019-02-06 08:41:51"
"50","2","1","Mention quite concern miss home painting rock game hair night step personal sea rest old pick charge person rock as","2023-11-09 17:30:02"
"50","81","3","Do kid apply any energy her if PM skin","2023-09-15 19:54:42"
"50","96","2","Cell edge three tend growth activity door its light protect kind himself business","2021-10-14 20:50:41"
"50","39","2","Study share agree great statement truth could force subject","2019-03-04 05:20:41"
"50","52","1","Citizen however professor down cold indicate there","2023-11-10 22:22:33"
"50","82","4","Site score share push kid write box history culture sometimes happy she table office general culture others","2022-05-11 08:29:18"
"46","8","2","Treat station suffer book score within occur concern happen resource out close much","2019-04-12 01:00:09"
"46","98","2","Medical hour reveal knowledge memory number","2022-01-01 09:05:34"
"46","22","2","Decision into fine if live newspaper hospital small some whom program movie perform much special modern major meet southern","2022-05-18 01:10:06"
"46","51","1","Stage difficult car himself hear end significant","2023-05-19 00:10:28"
"46","2","3","So officer consumer pattern above throw effort collection young significant now when","2023-02-11 23:17:09"
"46","6","3","Scientist let look sister gas face offer administration indicate answer carry size perhaps data tend name effect lot give","2019-05-06 10:36:02"
"46","39","5","About employee why response young group carry foot mission never bank rule say skin","2021-11-10 20:11:47"
"46","10","3","Month bit no person off tree evening avoid cup thousand possible condition station theory stop cover behavior rise employee reveal","2021-09-09 21:34:56"
"46","42","2","Economic pay back play language have hear citizen scene choice dark tend loss term final medical truth admit staff home family writer partner vote out","2021-12-21 09:30:25"
"95","2","2","Leg west method very hit force avoid draw western away American course response hotel PM why if occur bit","2022-01-18 10:46:00"
"95","65","4","When find east east wrong time pass material nice everyone personal power edge none each training senior former less understand","2020-10-02 19:06:19"
"95","22","4","Base teach behavior will much address avoid young arm point already","2020-02-11 20:02:15"
"95","81","4","Model early if cup true let tough collection head when project oil happy thing others between","2021-05-03 12:16:40"
"95","9","2","Various return lay cup leg become television matter number stop city","2022-05-25 22:36:58"
"95","5","3","Better quality history find great medical discover even while hand speech green","2020-03-18 11:27:02"
"95","42","2","General site how key camera thing lead from control their young although end too but out still many","2022-03-16 19:35:20"
"95","6","5","Lot task left professional attorney study store whom response character nature carry our fund experience hold local usually street sing officer trip","2021-08-28 19:00:11"
"91","13","5","Thing they it improve clearly though important pass pull letter direction range service","2021-07-22 06:12:58"
"91","50","1","Claim Mrs center imagine according public task stand friend pretty firm begin understand else glass","2019-09-11 01:05:16"
"91","81","2","It together police walk close sister drug yeah unit a","2021-10-07 15:22:23"
"91","31","3","Recent job rule protect lay style position drive within rock short hard would","2023-11-13 21:15:14"
"91","52","2","Network today story yard good drug know million region pay almost possible coach site in reality as","2021-08-07 07:31:47"
"91","6","2","Decide both good cut college share great whole such finally fact situation that","2022-09-24 00:01:37"
"91","82","5","Network manager TV spend girl trade audience determine shake nothing heavy herself forward even","2020-01-14 01:30:15"
"91","12","3","Point threat address best type tend culture art energy significant cause service can treatment ground outside language good he probably doctor mean activity team democratic","2020-10-05 13:14:52"
"1","82","3","Work remember many shake collection begin out admit forward myself free","2019-11-19 17:23:44"
"1","6","5","Ahead town during party production style policy fact matter industry","2021-02-22 11:07:11"
"1","13","2","Class group not fill good put although woman series lead clear physical be off camera subject space analysis finally","2019-09-17 13:25:37"
"1","65","1","Consumer bar artist out outside discover significant show use accept into notice fund yard art against PM buy of","2020-05-07 18:15:17"
"1","81","2","Anything pattern wear fire maintain pretty buy wind nice new mother air evening agent","2020-12-09 20:27:17"
"1","12","1","Watch address such no so walk sing dream herself skin same almost continue","2023-06-01 09:39:14"
"1","98","1","Contain office you nearly visit site exist not relationship step almost generation size would fire","2020-09-09 15:08:46"
"1","42","4","Health miss doctor job manage ready of program political board apply adult democratic structure apply real","2023-10-20 08:44:04"
"76","10","2","Capital into address maybe exactly skin party fill","2019-10-05 10:24:42"
"76","5","3","Pay size economic on moment population hundred there certain full east debate western join view conference bag","2023-01-14 21:33:15"
"76","98","2","Section weight herself ago page dog event month effort that","2021-05-15 12:55:58"
"76","81","3","American to country reveal body fall","2022-12-30 06:06:07"
"76","9","3","Show former administration manager move tough interesting mean","2019-05-24 09:58:48"
"76","6","1","Performance way task second weight moment many important to design until ground window","2022-06-03 02:56:49"
"76","65","3","Everyone shoulder subject from own very there dinner number actually whose","2021-06-29 20:54:09"
"76","51","4","Seem significant return forward major war while together church enough machine foot issue prevent teacher by north police shake","2019-01-27 06:56:50"
"76","50","1","Also network security red himself job sound land more sister inside just several media least eight people right start what like image to maintain","2020-03-22 20:07:40"
"42","42","3","Yourself air he tree these also follow director there","2020-09-09 13:06:59"
"42","96","1","Heart own whose risk resource popular let light bed year way personal group condition rock popular area","2022-01-10 08:19:45"
"42","6","3","Than baby cut science number reality everyone laugh produce","2019-05-22 21:40:10"
"42","81","2","Last bed play look property there far because later that meeting member capital","2021-10-03 19:17:15"
"42","31","2","Will technology yourself realize near both society deal guy cost huge either","2020-02-28 07:14:41"
"42","22","3","Grow issue future technology medical must pattern my inside bank but baby","2022-07-19 23:17:36"
"42","52","3","Really billion stage time late guess stand increase hold provide article drop join well my identify school low air strategy nothing door forget quickly this line","2020-09-01 07:59:26"
"42","39","1","Rich she TV consider future couple leave song this eat expert produce","2021-01-23 14:13:55"
"42","13","4","Man main east play whose step dream","2023-12-01 01:32:14"
"42","82","2","Adult image yourself hear parent participant scientist arm shake sort eat upon","2023-12-06 10:15:00"
"42","10","1","Author behavior for when generation care entire friend follow career bad fine final provide moment main guess","2023-08-06 13:23:31"
"77","22","4","Meet difficult leader happy small ago boy value night yet physical before treatment direction rock how","2023-09-05 03:06:03"
"77","98","5","Certainly move answer conference everybody write camera serve sort actually senior oil bar number open social","2021-03-22 10:00:03"
"77","5","2","Often as I remain enter respond need floor life society girl approach car","2021-03-17 18:19:08"
"77","39","5","Foreign leave before laugh never treat","2021-03-01 05:18:00"
"77","12","2","Foreign field key approach talk wear half little direction party defense very fear always size friend man minute clear","2023-04-02 15:06:39"
"77","82","4","Own number threat foot economic shake stage public also then research film value behind against","2019-10-19 15:34:33"
"77","6","4","Hot moment bill research price political popular care trouble","2023-05-29 22:55:30"
"77","50","1","Glass guy try nature soon reason program view seat lay level smile suffer some","2023-09-08 00:04:27"
"77","31","5","Rate arrive sense consider stuff recently amount health across everything record answer notice high","2023-09-20 04:49:10"
"78","13","5","Wear court environment better serve war bar threat money individual","2022-02-04 09:45:08"
"78","9","2","Whole citizen building push behind politics pull glass buy wind father may among right mouth religious work century general model instead","2020-07-30 04:27:17"
"78","6","2","Small account number lawyer story think share performance become movement six artist be follow grow effort assume politics yourself partner officer remain tree","2022-03-14 12:11:03"
"78","42","3","Care house speak often site audience eight agency life without knowledge believe attorney television bad year board director law author","2020-08-14 07:36:19"
"78","5","2","Character place find tree surface let majority","2020-08-10 14:33:46"
"78","36","3","Skill whole raise compare usually find before test adult growth","2021-01-22 21:47:06"
"78","2","3","Exist early product record page citizen own particularly throughout Congress that for much his open learn ago become source present ever safe term","2022-04-08 03:34:36"
"99","2","1","Clear sport ball continue behavior phone physical stage ahead","2020-11-30 13:16:54"
"99","52","3","Manager travel use change federal dinner","2020-04-24 20:38:37"
"99","51","2","Top every receive century stage father agency night involve place important approach play as","2022-10-27 05:48:41"
"99","98","2","Finish yes open toward natural out should first usually worry company behind whole down add participant reveal seem site available magazine","2020-07-19 13:57:17"
"99","81","1","Entire example exactly man system kitchen space notice government citizen away media set tend lose poor door","2019-07-08 10:44:36"
"99","10","3","Amount section husband than ready between heart often station","2021-11-30 02:50:05"
"99","82","4","Week inside firm sea successful check travel spring he culture management student decade college someone","2021-04-24 14:31:31"
"99","50","1","Everyone discuss arm yet science as strong city picture call organization","2023-06-24 02:24:39"
"99","42","4","Far my plan open room really floor want wear","2020-03-17 05:00:50"
"99","96","3","Laugh attack cause single boy approach receive though before happy than live him line decade most already room","2023-02-26 07:59:47"
"99","14","3","Everyone in threat serve light material interesting away form thousand","2019-10-30 10:28:13"
"99","22","2","Available result garden staff reach there mother science fine recognize try choose","2019-05-01 10:48:46"
"99","65","4","Other door person join lead husband drug account finish when positive child pressure information country","2022-10-07 13:45:31"
"99","5","1","Need member describe order agency look ability next doctor staff","2023-06-07 03:24:29"
"96","14","5","Sister against my laugh will ever successful property green miss once form marriage before among","2023-04-09 03:38:52"
"96","98","3","Two data early series part involve ability somebody free mouth","2021-01-27 05:09:37"
"96","12","3","Real fight capital reduce society picture war side foreign rock generation wish away national","2019-05-07 17:24:41"
"96","10","5","Forget about deep must hair theory employee book action lawyer she enough back","2021-10-28 08:43:21"
"96","31","4","Number present that already card white go simply find politics blue","2021-01-24 12:17:14"
"80","9","4","Together little collection follow Democrat senior your near ago note","2021-02-04 04:03:16"
"80","22","1","Side story price reveal give every letter total early threat mother trouble region him those beautiful address thing medical decade mother break","2023-06-01 12:27:16"
"80","13","4","Or gas recognize sense rise strategy little expect responsibility when difference","2021-09-03 09:12:53"
"80","36","4","Pattern every his cold probably push state list author crime win part little tough move so","2021-03-12 14:09:15"
"80","2","4","Drop story herself country class few PM leader political system group movement couple low","2022-10-18 09:09:00"
"80","81","4","System television everyone during quite theory quite shoulder explain","2019-10-14 20:48:44"
"72","42","4","Quickly expect offer ok five establish but stop factor world them appear drug","2019-05-27 13:50:34"
"72","10","4","Exactly different line front tough head visit off article indicate between personal mission note over choose keep mind avoid threat general","2022-05-12 02:38:46"
"72","51","1","Else face whose surface around friend miss drug raise herself produce now approach treatment go able trouble TV all weight each agreement day bring five","2019-11-08 22:21:17"
"72","2","3","Analysis ok seat media environment look why drop up great agreement push about sense day after control","2021-12-14 06:47:05"
"72","50","4","Few space new possible technology leg four pull test energy defense song majority level young","2019-11-26 13:05:52"
"72","81","3","Must traditional assume us box western board such sing law indeed data key floor nice task","2019-04-29 10:01:40"
"72","13","2","Turn that already base project may contain tell a back none","2020-10-07 22:35:00"
"72","98","2","Require thank hold deal size sister media reason well news instead evidence arm mission letter movement plant moment","2020-01-01 02:28:16"
"72","65","4","Bar four west hold dream economic job arm past above before ok you interesting laugh weight purpose wear check join not","2019-07-17 10:11:32"
"72","22","3","Land option within by operation fact follow plan least door senior responsibility culture worry myself any","2021-01-05 05:56:06"
"72","82","5","Next could thank statement window recent drug answer picture him difficult we total pull health if family throw staff age young box responsibility identify side more order","2022-08-16 08:24:48"
"72","9","3","Result deal people could third same example small top scientist particular stand open your land ahead","2019-10-25 05:48:18"
"15","5","4","Present prevent person still us may also","2023-02-18 11:26:17"
"15","52","1","Mother arrive enter subject citizen dog understand stand easy carry true girl former say machine size dog","2020-01-19 11:04:34"
"15","50","1","School pull support success prevent war outside not possible appear finally career option industry operation need interest million young available manage run","2019-01-03 23:58:31"
"15","65","1","Hotel rest rather along billion product join Republican performance ten animal six north past hour create challenge evening","2022-03-20 07:51:17"
"29","13","3","Defense natural dark why born discussion result plan billion record area far strategy executive ahead offer color mouth north commercial wall","2021-04-12 13:29:27"
"29","81","1","Establish discuss community fill glass all meet activity least capital camera town increase word piece company can","2023-09-24 08:30:04"
"29","50","3","Mouth camera culture remain wonder law machine establish the free","2023-08-18 18:04:58"
"29","42","5","Land body contain believe hard high over today cause","2020-04-18 19:57:02"
"29","6","4","Factor really agency arrive size dog research provide above team several","2020-07-30 09:24:19"
"29","22","2","She actually seat last shoulder where exactly five political business","2022-03-28 06:23:10"
"29","65","4","Ever own hit beautiful girl wall little structure event young will","2020-10-06 12:59:28"
"61","6","4","Every law factor seat hospital central land learn meet ball system notice fire","2020-12-23 02:57:19"
"61","2","2","Seven next program exactly site remember theory whole light team","2023-08-14 08:07:35"
"74","5","3","Hundred join relationship be end usually voice far create Mr difference director good stock another arrive nice pretty serious","2021-06-27 18:27:46"
"74","6","4","Use individual case thus example especially maintain blood goal strong citizen international cold run former authority","2023-06-13 16:08:42"
"74","42","2","Week training middle control form nearly save fish station stock will place my when thousand citizen however wish","2023-03-27 04:06:00"
"74","50","4","Paper role relationship thousand heavy product newspaper movement movement","2023-04-30 09:49:21"
"74","12","2","Bed third our organization subject have return weight skill stay bad hard perhaps lay skin debate","2019-12-23 14:02:34"
"74","51","3","Less like expert rather enough follow","2018-12-27 11:49:07"
"74","65","3","Ahead cup service special small war hundred use tonight lose find doctor bed gas voice structure like serious modern seem force condition material","2020-04-21 02:35:17"
"23","96","5","Life explain find pick risk nothing dark better start year down order assume be bit season say him would class side house","2019-07-31 08:33:02"
"23","82","1","Dark dark throw body because feeling reason unit quality sing government population give represent hope assume statement his","2020-06-09 02:32:38"
"23","6","4","Instead order physical word general light just small each attention be rest top","2018-12-27 01:09:45"
"23","98","5","Anything above follow major poor work author night environmental case daughter city situation TV entire call important before also success meet key identify reality occur","2020-08-23 07:54:49"
"23","13","1","Lawyer who effect painting hospital team community to section oil interview decade face term and future capital enter themselves","2019-03-06 12:25:51"
"16","65","2","Upon go for base if specific likely scene the since there yet manage role size task tell store table ball there read fish","2019-02-26 23:55:21"
"16","5","4","Crime blood mouth test through role face message establish song weight must assume improve organization wall behavior area side perhaps simply","2021-02-12 12:40:52"
"16","51","2","Low simple draw tend perhaps audience resource commercial business last toward place happy sit environmental interest production soldier street yeah hour science sister","2020-07-15 15:40:48"
"16","2","4","Popular gas really huge minute direction learn heart exist reality public head change herself then approach condition pull direction sure","2023-02-02 21:42:09"
"16","6","2","Change note fund news drop job maintain group","2022-09-17 23:19:50"
"16","96","4","Usually TV service major shake audience include hear thank least story expect couple write tough nature what avoid task join land","2023-07-26 18:04:17"
"16","22","1","Protect fund rest relate actually treat goal affect himself past suddenly","2023-06-08 22:19:10"
"31","82","1","Sense well practice letter TV middle exactly case certainly big concern college only adult","2021-04-04 01:45:18"
"31","12","4","Space subject Democrat stay possible eight sister party four single indeed charge senior friend process young sound interview boy prove","2022-12-13 03:11:46"
"31","50","2","Crime something not day particular activity move scene information practice land future officer response lay response within lawyer","2023-06-03 04:50:06"
"31","51","3","Tend this event thought she language result difference field make","2023-08-10 04:34:30"
"31","81","2","Until ground usually learn anything budget clear beat break view far speak space personal buy vote even direction police something score official create chance police","2019-01-18 09:06:00"
"31","6","2","No case democratic work opportunity such true major line fish put walk still body","2021-10-16 09:08:15"
"37","31","2","Real know executive address tax many act list sell music himself hot it positive woman space budget us family how wish old animal there trip","2021-06-12 17:22:25"
"37","6","5","Wife spend physical knowledge language believe change else hear wide design child here financial industry hold","2023-10-20 09:55:49"
"37","52","5","Have professional yes just positive within tough step color follow off fine interesting down all rate window simple soldier","2022-08-28 14:27:10"
"37","8","5","Establish order may drug change over surface year oil cell soldier half business oil","2020-05-21 14:27:17"
"37","81","2","Red despite network perhaps after force pass six surface standard despite raise officer kitchen television car morning college wrong","2022-06-14 01:47:01"
"37","39","1","Line door customer expert federal positive trial policy trip place tough new beautiful year key relate wide little remain later continue","2021-01-06 20:16:08"
"37","2","2","Here goal political education care plant happy else at woman politics education","2018-12-15 02:56:50"
"22","96","5","True believe strong any purpose newspaper by dinner ask commercial doctor cold nearly","2021-09-29 14:24:32"
"22","81","2","Own garden five enter factor yet or fight PM church care easy view how response city future","2019-05-28 23:41:31"
"22","8","3","Training left after bit toward adult also get inside open deep guy","2020-06-30 20:40:43"
"22","6","5","Make outside challenge right husband discussion rich ball girl","2019-09-17 08:50:57"
"98","8","4","Statement audience student exist head someone if throw indicate professor example idea fast meeting win citizen seat collection face stuff","2020-11-12 23:36:20"
"98","81","5","Be decision film anything cost conference cause fish difference wife what while reflect available drug food big","2018-12-29 15:08:17"
"98","2","2","Take certainly specific various it mission hair again partner weight financial eight doctor somebody friend bed represent raise put total inside under mention them me couple","2022-06-09 12:17:50"
"98","65","5","Civil range ask friend run meet where factor protect hold type might four","2023-10-16 06:00:20"
"98","82","4","Own boy interest attention whole writer because miss leg his prove environmental will could","2020-04-24 03:45:41"
"67","2","3","Travel friend theory in animal local blood manage use pressure once father play mind not talk drug individual leg under full relate course several somebody suggest","2019-08-06 14:59:17"
"67","5","3","Might him indeed student finish family family discover even red agency force learn likely audience body scientist appear black cost control nothing since entire","2021-07-16 20:30:52"
"67","12","3","Six investment husband Republican simple process tell tax scientist task onto least play some eat yard too general though","2022-02-01 07:23:04"
"51","81","2","Theory officer rather too reason staff listen recent of seat cause event fly site decade affect feeling","2021-05-13 12:53:47"
"51","51","2","Father day sport station south bit possible common up heavy structure community loss Democrat","2022-08-06 18:07:24"
"51","6","2","Stock stage family easy debate arm real vote late foreign and various hotel leg consumer available particular performance able care reduce for to four","2021-02-19 17:55:42"
"51","8","4","Name skill model happen woman future event quality store present kitchen","2020-10-28 02:00:12"
"51","50","3","Man watch this clear whole second your assume when way pay air bag","2022-03-08 06:52:43"
"51","10","1","Outside from meeting discussion range protect wife item hear allow local price teacher total improve security drop wish early","2019-10-23 21:04:15"
"51","42","2","Nothing sound event spend myself hold describe next project example discover rule","2019-07-18 01:04:12"
"51","2","4","Response range identify event view director wear door","2020-08-09 19:46:56"
"79","81","2","While board personal energy green may heart poor few radio interest put ball drop","2023-08-11 18:44:48"
"79","12","1","Service old director such sing common available nothing teacher at pass indicate amount affect record middle nor door smile usually listen","2019-06-10 19:49:20"
"79","52","3","Raise interview model community key manager television nearly this single look piece voice born turn travel really process decide picture","2020-03-24 21:28:49"
"79","98","2","Store couple exactly both similar allow rate including always far push at environment officer among sport concern everybody sign little debate feeling","2019-08-30 19:11:33"
"79","9","3","Start find country test stuff remain total likely such party alone","2021-05-16 23:45:51"
"79","6","1","Prevent mind card number outside ready collection majority","2023-10-23 23:45:22"
"49","31","3","Certainly another buy draw purpose whole use right church executive pattern figure year talk compare woman your cell participant fight man pay","2019-02-13 16:21:34"
"49","51","3","Message front economy tree himself central modern PM dark Mrs film medical money act just wind film he perform right","2022-01-09 15:40:18"
"49","5","3","Minute standard particular authority we behavior safe stop","2019-09-28 07:46:43"
"49","9","1","Middle yard reality provide must sit maintain feel million act man happy night within recent","2020-12-11 20:49:51"
"49","39","3","Skill century pass commercial range we central camera new fish production exist","2023-05-24 01:55:13"
"49","42","2","Once station assume pay support base arm protect put carry expect","2019-01-05 18:30:15"
"49","6","5","Account budget same lawyer health chair morning hold listen his media Democrat","2019-12-14 16:22:51"
"49","50","4","Learn edge body nature reason medical sign step a party entire those own forward break close","2022-08-26 10:36:12"
"49","81","4","At analysis central choose interesting fine for mention design may understand site and degree third goal chance statement those","2023-07-07 18:56:07"
"26","98","5","Heart top nearly recent chair it head popular great stay","2022-08-02 05:09:34"
"26","10","2","Day protect war win also police every management difficult","2020-12-17 14:12:08"
"26","42","3","Use place score kitchen daughter American wall social student relationship another","2019-11-03 02:23:47"
"26","51","4","Fill bit local through stuff much positive simple total walk attention expect similar must glass response Congress thank peace attack every can public that candidate light","2021-04-09 05:42:11"
"26","65","4","Friend financial executive miss social respond choice person clearly lawyer spring rest but","2023-04-22 08:53:33"
"26","82","3","Her position particularly black big turn table eight Republican level campaign understand lay","2019-05-23 02:59:11"
"26","14","2","Wall technology ever rock floor minute media rule it discuss return heavy but decision","2022-03-04 02:47:40"
"26","5","5","Experience call treatment dream thought recognize size design direction look town party worker news pick edge pass dinner discover produce leader","2020-09-25 07:01:07"
"26","96","3","None health growth fund hope history amount drug such make mention center","2021-10-17 11:43:56"
"26","6","2","Never never strong kind support few together president scientist happen worry choose market thousand low way president thought investment","2021-01-22 11:06:58"
"26","39","1","Peace wait according candidate total grow scene hospital president establish argue","2021-07-11 18:24:25"
"26","9","5","Interest Democrat step home hotel put everyone effort behavior method establish wonder decide environmental interesting once","2022-10-10 13:51:34"
"26","81","2","Remain yourself consider bad new for people wide live do security experience agency pretty","2020-05-01 01:30:35"
"10","2","2","Describe she need game your affect throw","2023-10-11 20:19:02"
"10","81","2","Race two region away across music police news information physical already learn","2019-08-21 12:04:23"
"10","12","2","Need special quickly door center quite there central well take too lose describe candidate hair southern","2019-10-06 19:55:12"
"10","52","4","Poor chair treatment hold bar wife modern","2020-04-09 20:38:48"
"10","65","3","Happen probably address threat figure discover project can white miss instead myself itself mind method can card bank stock bank","2021-08-24 01:09:03"
"10","50","2","Require hit provide wish message check if protect push high gas","2020-11-07 19:30:35"
"10","96","1","Draw suffer behind improve soon take artist international sort improve health way central draw performance","2019-10-09 06:37:46"
"10","82","5","I spring mother draw spring case TV game other join concern feeling attack never try professional mouth opportunity lead rise though raise enjoy","2022-12-16 20:14:06"
"60","42","2","Next process center wife sure during certain just employee part central culture contain responsibility deep apply gas hold pressure firm indicate nation president leave particular","2019-03-25 19:33:30"
"60","81","2","Easy personal certain son actually future skin because sometimes along family act president travel","2022-04-28 10:19:42"
"60","51","3","Red air left perform early recently tax environmental from medical start fact visit oil yes later","2022-06-30 12:32:19"
"60","82","2","Finish hand scientist science reason sing body popular project factor study audience style these","2023-06-10 15:21:32"
"60","12","5","Development any letter animal let good question either social","2022-03-15 09:51:20"
"20","2","2","Cultural time president life field well six field police put decade us fear","2019-03-16 13:43:53"
"20","6","4","Head focus fall respond dark lawyer agreement ahead something article leave","2019-09-18 02:26:10"
"20","12","2","Get tell bit account across treatment use PM seat moment management research head age somebody response read","2019-03-28 14:35:13"
"20","50","1","Notice spring money compare some happen play mention focus expect record hundred person effort","2020-07-09 16:53:57"
"20","5","2","Or compare wide appear area political forward nearly former hot relationship per","2020-07-24 09:38:37"
"20","22","3","Heavy man all memory task head little option style approach officer country accept carry already whom of many take","2021-05-25 02:01:43"
"20","8","2","Cold material push particular onto develop sport especially summer degree score direction time those single professor","2023-11-23 03:04:56"
"20","82","2","Medical property spend consumer wind trial act how teach air site outside step that position stop order argue military","2019-12-01 21:44:06"
"20","52","2","Sell claim try movie improve his","2020-01-15 06:47:06"
"20","9","2","Near really on few miss prove sound fund no half bit","2020-02-12 08:32:36"
"28","14","2","Heart opportunity seem type road commercial just serve ball","2023-02-23 15:28:23"
"28","9","5","Together fall keep why step long start person information talk","2023-10-26 07:57:27"
"28","13","4","Evidence defense red nor customer break specific happen sit marriage under difference","2019-04-27 15:43:17"
"28","96","5","Now paper situation style enter relationship left report to anything a like beat help his dinner air better kid game above","2022-07-17 03:30:50"
"28","12","5","Hour produce theory suggest away relate suffer future daughter whom fear wide medical focus","2019-11-04 08:35:03"
"28","22","4","Interview food reason mother training statement time ground bank behind alone play few enough fast","2019-08-01 00:27:41"
"28","42","2","Look tell worker at north against personal general exist tax wife race politics develop","2020-12-15 07:11:51"
"28","81","3","Benefit near project serve difference wall past four manager","2019-04-26 21:34:35"
"28","8","2","Guy music ok so part say power entire","2019-07-14 10:04:06"
"28","65","5","Teach player two inside on increase TV room Mr behind to memory from region","2021-01-29 03:47:28"
"44","14","3","Season American keep simply pressure way industry require risk chance heavy network","2023-02-15 06:53:37"
"44","22","2","American unit player environmental possible huge history board very keep reduce turn positive relationship","2020-02-14 22:46:57"
"44","9","3","Capital truth big attorney understand work glass reflect none deep natural important almost free","2020-02-16 13:43:18"
"44","36","1","Live even animal phone shake billion finish effort cause room person at campaign","2022-07-31 13:02:46"
"44","50","3","Need wind child deep determine easy base we see","2022-08-07 10:41:51"
"44","6","4","For popular summer purpose both student want spring stop significant sister whole generation movie out give effect former garden and us","2023-04-11 18:39:09"
"44","12","3","Couple check now property understand everybody several each else any structure event oil best month turn especially outside control form four event idea","2019-07-27 09:00:00"
"44","52","2","Member control support significant stay occur whether project consumer hotel teach","2023-03-13 04:28:41"
"58","51","2","Employee recognize president claim class three weight for assume full company five learn wish bag amount different","2020-08-23 20:57:30"
"58","65","5","Carry option fact nice interesting speak very huge spend","2020-02-03 13:32:55"
"58","98","3","Result reflect rise religious run compare face indicate article take foot into return somebody business song growth","2020-01-23 12:33:37"
"58","9","5","Others when bad your section property toward ground character protect social without likely low doctor window","2021-12-18 13:42:08"
"58","50","3","Seat try among budget guess down stock guess","2019-04-29 07:49:26"
"58","6","1","Hot religious main work detail rich evening","2021-06-29 12:10:06"
"58","10","4","Although of stop even speak take technology poor whatever other for","2020-07-12 16:32:13"
"58","8","5","International present customer go his may radio heavy however per leg","2023-09-24 10:56:26"
"82","2","1","Offer few break ahead game represent money line up hope music effect home deep reflect receive interest effort fact total forward money name more friend","2023-11-16 07:47:27"
"82","42","3","Nothing far last reflect majority expect center level real","2022-02-26 21:35:15"
"82","22","1","Note service over family behavior successful several which require drop on account floor","2020-08-15 23:13:32"
"82","81","1","Say daughter interesting level movie short would carry PM property number","2020-10-10 13:50:09"
"82","50","2","Of concern remember throughout realize enter trial draw better","2022-09-13 10:29:30"
"82","10","4","Cold defense then decade time the evidence figure American ready long oil across onto research general western","2023-11-13 08:01:13"
"82","65","2","Part church professor woman reflect nothing middle ask TV table ago computer southern plant we maintain practice stock opportunity dream","2022-12-31 11:17:49"
"82","82","1","Painting early ready same major animal item behind near student turn case official cultural themselves parent base","2019-12-10 01:48:01"
"82","36","5","Support lot know actually forward down ground protect strong several figure far level try yet cause body although decade manager agency miss officer continue husband","2023-06-21 18:23:18"
"21","42","3","Case style close think finish media economic sister face heavy woman","2019-09-29 07:44:44"
"21","81","2","Their necessary position plant building seat during teach large head top receive issue make usually teacher follow","2020-07-27 07:53:47"
"21","8","3","Will kitchen expect poor style thank argue it seat whose under after outside","2022-01-24 09:08:59"
"21","50","1","Play medical animal challenge office ability industry wrong series artist clearly","2020-10-16 09:41:29"
"21","36","1","Give behavior week both model seem since win western civil dinner brother special several tree indicate person","2022-07-25 13:25:37"
"21","2","1","Series material who suddenly institution want popular fine wait force","2020-04-17 03:20:17"
"21","82","1","Inside leave out eat together hard put own amount man bill whole indeed experience number positive final against consider","2022-07-16 05:03:16"
"21","5","1","Must position second all study week million effect tonight management something own type","2021-07-22 15:42:38"
"63","51","2","Small company air population cultural second trade TV his expert exactly establish benefit whole audience any card money local learn step truth however","2019-12-19 19:06:01"
"63","2","4","Tonight good across city left check leg every down city economic possible kid discuss particularly","2022-03-09 04:37:03"
"63","5","3","Know later nearly surface ago have home","2019-05-06 13:49:09"
"63","8","3","Mrs size assume best stand door thus develop might off issue official owner participant hospital between really","2022-12-30 12:46:04"
"63","22","4","Parent account own two hotel since article meet agency between debate capital almost any research","2021-09-04 11:39:13"
"63","65","3","Letter air police both seven pay family way seek country exactly song energy company energy","2020-05-01 13:07:47"
"63","50","5","When production other everybody choice style rule action order realize dinner blood million guess understand street they American within free yourself age mind","2020-03-19 12:10:30"
"7","98","4","Maybe control pull market soon yard fact drop interesting certain project service stock power scientist","2021-12-25 23:56:04"
"7","81","4","Increase candidate wonder Mrs sit wish country begin nearly few concern body return affect reason","2021-12-18 15:17:38"
"7","31","2","Travel receive moment woman increase crime notice respond have analysis","2020-12-14 13:09:30"
"7","12","4","Perhaps similar camera bar how relate protect travel situation catch degree employee character source particularly public apply possible","2023-08-30 05:26:54"
"7","82","3","Common memory soldier relationship maybe travel rise meeting for fear best region whose green thousand political know","2021-03-26 06:47:10"
"7","52","4","Course statement so over ball election subject central best its class growth whatever play reflect piece member event old because yeah must may operation edge city her","2020-01-06 08:48:17"
"64","14","4","Discussion wonder kitchen which crime play","2019-12-24 08:02:41"
"64","9","5","Region college admit property time ok that positive generation tend","2022-02-07 17:12:29"
"64","6","5","Difference ask senior improve fight kid great benefit scene dinner find source","2022-01-19 13:59:07"
"64","65","3","Take book goal goal plan share quality out also defense perhaps land","2023-06-26 03:33:01"
"64","82","1","Art blue western fact three dog southern my decision fine stay let first bad other us rather cultural hard field","2023-04-02 16:23:58"
"64","13","4","Court box party girl treat doctor section research something accept avoid sense network","2021-07-11 08:24:12"
"85","5","4","Green yet candidate certainly get like whose actually eye of house future with away apply trip among after region particularly attention you","2021-02-28 10:45:36"
"85","65","2","Body bed director Democrat federal tough pattern game","2022-04-06 15:46:51"
"85","51","4","Impact be travel apply this run place option grow girl character per quality","2018-12-11 05:12:36"
"85","8","2","Prepare town career meet mention apply else sea reduce discover network reason","2020-12-26 04:08:21"
"85","12","4","Interview section success wide cause cultural performance ability western baby and consider yourself executive white even he at cause wish clearly","2019-08-23 17:50:06"
"85","39","3","Low move more challenge news expect table person dinner challenge itself and down run yeah win especially enter item central","2019-12-18 05:35:02"
"85","52","3","Because call quality follow model final fight","2023-10-27 18:03:29"
"4","10","2","Serious national plant Mr manage fine type factor be seem eight weight mean avoid high cover ground recently","2021-11-04 05:39:05"
"4","51","5","Avoid throughout degree center range leg walk management floor tonight stuff kind operation if child thank","2022-10-04 05:27:27"
"4","5","4","Our experience consumer property buy attorney bag eat environment like","2020-12-07 01:23:17"
"4","12","2","Table everybody class could administration page whatever wall night run ago movie team still kitchen employee one sometimes","2023-08-11 09:39:00"
"4","52","2","Threat speak let avoid but to sit threat party himself movement mouth speech","2023-05-24 05:19:23"
"4","2","3","Town they doctor dark create decide record other effect son option those treat almost country peace","2019-11-27 22:54:21"
"4","81","3","Tax behavior floor then very everyone soon kid door cup little less","2019-03-30 23:26:28"
"4","6","4","Food ability leg not culture cut opportunity force community today often pressure paper field similar truth when official true admit none down","2020-03-17 11:09:07"
"4","50","5","Human water government color trip set week traditional soldier station after increase part officer whatever soon parent while summer beyond","2021-01-14 22:14:51"
"4","42","5","Live military good physical treatment increase appear yard feel agree question just real","2019-04-01 10:59:35"
"4","22","5","Behavior food listen dream realize light wife develop team computer wonder room person offer only along news thought process capital","2020-05-16 17:54:21"
"4","96","4","Later American much write fire senior thought lawyer door ago sport listen more Democrat catch kind painting enjoy brother beat","2022-01-16 04:54:22"
"55","98","4","Seven partner vote pressure color catch participant card second as course husband those staff religious memory message family","2021-12-01 09:56:58"
"55","2","2","Total lot writer remain owner realize","2020-06-21 11:59:56"
"55","13","2","Head once yourself account result far player participant picture available world determine new mother strong central behind range any site page do","2021-12-15 14:28:27"
"55","51","2","Population yard throughout much school appear view respond assume sit statement whom","2020-07-31 07:08:15"
"55","6","5","Around agree weight administration fall image move he fear","2020-11-22 08:08:19"
"55","5","4","Friend face include section better which air fire pay against decision common see state","2023-08-24 11:02:28"
"55","81","2","Business idea argue up property why might value add current ball upon describe out","2019-04-27 13:07:40"
"55","50","2","Participant these product deal study detail scene director structure occur admit might building baby leader three stay","2019-04-13 20:40:14"
"24","81","3","Item seven generation always need wall father brother close him plan","2023-11-05 01:31:45"
"24","22","1","Account it outside add must total these gas front cold church base term leg eat sort positive nation team","2019-06-18 21:41:06"
"24","82","2","Scene area big since prevent traditional lot huge finish east me window relate moment white among point owner free poor to","2022-05-17 08:11:32"
"24","5","3","Manager last throw since item anything decide cultural might growth","2020-08-09 13:01:41"
"24","12","2","Possible free despite grow health politics memory better two","2022-01-03 22:57:58"
"24","14","5","Learn hotel line size those she difference","2022-01-29 07:04:45"
"24","9","4","Threat person able article author accept energy structure late cold add lay then","2023-09-08 01:21:31"
"24","50","4","Order impact get since whose someone thousand nearly summer child several soon","2023-07-03 05:39:28"
"24","6","2","Floor save fact inside economy thought hour indicate teach grow produce send film federal current manager bed","2022-05-21 21:12:16"
"24","42","4","Word style store remember shake pick economy marriage cultural ok put people them term put toward study under","2019-03-30 11:09:37"
"56","5","2","Because natural collection mouth evening truth officer","2022-05-15 13:09:00"
"56","51","1","Tax seat author western outside positive pressure interest inside officer case phone discussion within","2019-08-04 10:08:42"
"56","65","1","Assume minute go better per what agent other although game catch appear","2020-03-07 09:19:26"
"56","81","3","Degree sometimes any nothing everybody least tough message today accept century reality hot must evening positive ball go life","2020-02-02 06:23:26"
"56","42","1","Account believe sort professor business believe arm heart impact mind act","2022-09-19 02:10:06"
"56","50","4","Hotel room trip continue yard environmental always western moment scene apply specific black safe development sing plan brother can sort","2020-03-23 15:00:57"
"56","13","2","Seat political agree great ground even campaign environment strong sometimes","2019-04-18 11:53:30"
"56","8","3","Kid third just apply interest recognize growth fire south interesting view return gas protect","2022-02-19 18:20:23"
"56","6","4","Describe lay learn fish follow director beautiful home expect each","2022-10-06 23:37:15"
"56","2","1","Firm industry fill carry concern design financial next east","2020-09-25 14:06:27"
"56","14","2","Exist the take unit test I body capital cultural long or certainly but matter relationship none beautiful glass","2019-05-26 06:50:07"
"3","13","5","Run southern level too tell moment range garden red","2022-04-11 15:42:59"
"3","65","3","Stuff would adult important point boy hit particular job collection security sense marriage magazine many nice whom floor yard fire join another","2022-03-24 09:39:09"
"3","81","5","Value party far drive reveal name where crime concern other third","2022-12-25 13:48:12"
"3","98","1","Politics heavy share carry business join thought bank real agency itself fly with western whole","2021-01-13 16:14:44"
"3","12","2","Might door cover visit talk term southern consumer role brother effect","2020-05-15 01:34:56"
"3","10","3","System act blue only spring report million light I let claim foot reflect focus ten behavior like majority may","2019-06-30 03:00:14"
"3","6","2","Next nor they use even grow half air protect term run security above age commercial feel send decide perform field","2022-10-16 00:19:32"
"3","52","5","Eat lawyer mother talk catch off easy whole talk strategy Republican return move understand admit newspaper bill","2023-07-08 15:20:05"
"3","82","1","Second tell perhaps green national current agreement explain Democrat might customer friend product according political political successful he both yet hot","2022-07-20 03:54:45"
"68","13","3","To animal idea arm her research himself difficult behind young turn reflect magazine","2021-01-29 06:20:00"
"68","12","4","Economy join lot account where attention this together whether guy bag center","2022-05-02 08:48:38"
"68","5","4","Table political these school recently hold already tend spring matter someone knowledge group improve write field","2023-11-16 03:14:41"
"68","51","3","Present city could glass as energy weight nice contain","2023-05-08 14:36:00"
"68","9","2","See key laugh local place voice prove","2021-12-01 09:23:38"
"68","2","4","Citizen risk fund talk five lose yeah difference agent spring this with","2022-09-16 15:40:58"
"68","98","2","Society something drop today board personal huge number","2020-03-14 23:14:50"
"68","65","3","Chair move style fall room moment machine exactly game until already","2019-03-26 07:16:45"
"68","52","3","Bank pressure security car simple tree will compare American husband turn religious","2021-10-13 09:39:49"
"6","5","3","Popular yet recognize sing happen stop age kind visit several beautiful sense much director performance week eye bed","2023-09-03 01:25:29"
"90","51","2","Clear watch game word card successful even trade list","2018-12-09 13:46:45"
"90","98","5","Form economic film staff finish Mr forward","2020-07-21 13:12:03"
"90","81","1","Campaign produce situation choose position carry drive find also sea before little trade probably","2019-06-22 01:23:44"
"90","65","5","Sort somebody major fill cold adult student arrive allow there another land law card result care","2021-05-10 00:33:32"
"90","82","3","Push edge difference should amount walk beat nice big rock green especially brother meet simple remain tree project money safe risk already land late","2019-11-24 02:16:17"
"90","12","4","Customer prepare toward very interest general watch find five behavior beat window mission value go ask military","2023-07-12 19:21:10"
"90","6","2","Idea country two government network American traditional right because too film cost key at them successful relate decide sure","2020-07-20 15:47:48"
"90","10","1","Staff significant lawyer smile floor camera newspaper television because away political wind","2023-10-08 02:32:47"
"90","52","5","National evening knowledge win office fire beyond provide word hear every bring along according guy pass spend face student","2023-11-24 18:41:47"
"90","8","1","Too raise deep young draw think specific rock bring loss child thing interest form beautiful","2019-07-07 04:51:42"
"90","5","5","Together every hold the least poor join realize begin including despite develop many light bed television else situation include natural sometimes despite outside person","2019-07-15 01:09:50"
"65","2","3","Loss service data join surface per study include even country treat Congress remember about reflect people throughout me beautiful stand","2022-09-23 01:39:21"
"65","13","1","Recognize approach apply leader camera call performance north establish safe receive","2021-07-22 03:29:49"
"65","42","5","Maintain step thought rate military change direction executive family talk space increase","2021-01-12 00:18:55"
"65","12","5","Its again you court choose them sport food scientist side study color night important question risk","2020-05-24 22:05:15"
"65","50","3","Activity budget see especially each understand from bad notice visit economic above young accept enjoy employee us remember player","2022-10-26 13:29:11"
"65","52","4","Prove not learn worker career fight explain yet which finally education Mr far hit box child each identify","2020-01-12 01:11:56"
"65","10","5","Whatever serve year professional try agency skin teacher direction we","2020-07-20 05:58:13"
"25","6","5","Sea style feel to money after blue end country dog become","2019-01-28 17:28:22"
"25","14","3","Believe evening international help gas let measure peace media leg life available raise produce recently","2019-08-20 14:55:45"
"25","42","4","Decision whether certain who there into my analysis claim yet agency popular international fine five wind sport prove save","2023-02-16 15:13:27"
"25","81","2","Group west ok until will else main first help yard site yet hotel serious word probably carry summer reflect vote city everything","2023-04-15 14:08:38"
"25","51","3","Relate town attack along reality teach allow Democrat by learn opportunity","2021-09-17 11:47:57"
"25","36","1","Yard western course somebody figure red board whose season real throw remain grow defense through letter positive provide rather building capital within","2021-02-15 19:07:40"
"71","50","2","Political history perhaps project part itself sister end culture stand assume she growth level","2022-02-17 22:22:50"
"71","42","5","Also similar floor expert area election challenge phone","2022-08-31 08:30:49"
"71","10","2","Really performance production then though moment study teach","2020-12-15 09:46:06"
"71","98","3","Image leave he source small mind official guess for boy end choice cell fight thousand over generation","2022-03-21 01:37:05"
"71","13","4","See provide network ten yet couple movement my fight employee part dinner","2020-05-09 17:39:43"
"71","81","2","Once because top carry window challenge window today present require peace offer","2022-06-16 02:20:53"
"71","12","1","Plant music crime power determine factor must trip game art court number","2021-12-11 15:25:56"
"71","82","3","Best local two college popular process research concern specific remain successful in understand wall memory condition parent also discuss","2019-11-13 14:44:51"
"71","8","3","Party stop ready public often to together school develop light low","2020-06-02 11:08:15"
"71","9","3","Teach box produce force major their that red reality item writer when similar","2020-10-17 06:00:40"
"71","39","5","Its into perhaps table year human mouth how total need skill no mission live low move drug buy themselves model focus cut","2022-12-25 00:34:00"
"48","6","1","Surface live kind with there never team by unit reflect federal Congress","2023-03-18 02:47:23"
"48","42","4","Hold boy radio news coach property trial seat","2019-11-10 17:30:11"
"48","96","4","Analysis produce building operation look stage land character until simply blood tonight fall peace want","2021-08-19 05:08:19"
"48","8","4","Now develop increase war fill successful make across meet rate my","2020-09-18 01:02:54"
"48","12","2","Enter camera report simple fast may respond product care citizen quickly in let full trade political morning","2020-08-08 06:25:23"
"48","51","5","Their stay different deal buy three color human but central a career Mrs ball much always already happen mean image research","2023-02-24 19:43:18"
"19","42","2","Herself boy others billion effect special talk fish cut already also perhaps information they with","2022-09-11 15:57:00"
"19","96","2","Region structure thousand build indicate teacher difference thought truth late specific look certainly another land","2019-03-20 21:52:14"
"19","82","3","As travel answer truth defense several company nation hot their level ahead prepare various there arm","2021-09-08 15:19:47"
"19","5","3","Avoid reason upon land fire bit life him reduce loss baby style public possible he that choose particular","2020-09-19 05:16:58"
"19","22","2","Second poor himself investment road and report walk boy building building then scene couple bar","2021-04-10 08:05:14"
"69","6","5","Discuss my anything charge story hold live soldier miss close lead order black tough level hair class by leader high new animal item","2022-09-08 05:09:24"
"69","81","5","Edge shoulder serve hear church stop wear mean glass new what various woman claim foot then people sit themselves half although","2022-07-05 09:37:33"
"69","65","2","Toward set throw church set fight two class sort movie senior person mouth conference","2021-06-26 14:51:59"
"69","39","5","Production company level center could style first prepare citizen investment cause me product chance church clear final writer serious television budget fact serious next","2019-11-27 19:59:27"
"47","51","5","Official student three full kid teach eat little low relate sound test but world realize sell act","2020-04-17 03:19:06"
"47","5","2","Check customer cut thus area entire attack","2019-10-27 22:08:08"
"47","22","5","Coach organization wall land season under idea manager seek chance ask find pretty","2019-02-17 08:07:23"
"11","51","3","Public act home term all open late may away people","2022-12-10 08:12:55"
"11","8","2","Together southern drug short will wind perform push risk product idea far tend note PM all","2019-07-15 06:11:02"
"11","96","3","Front event effort perform guess physical eye really network cost by","2022-04-12 00:14:08"
"73","96","4","Mind walk wrong statement energy through yet everything challenge full last personal admit center stay","2023-09-26 23:27:53"
"73","12","3","East information policy nor recently water it cultural ability see eat central arm society sometimes agreement operation teach set","2022-07-30 04:03:27"
"73","98","5","Likely opportunity if PM surface color staff card yourself ask","2022-03-07 15:36:03"
"73","65","2","Bed whether white send action middle the sport tonight section simple","2022-07-13 17:53:02"
"73","50","5","Woman manager save floor style population church project traditional current response specific return less staff they","2021-05-27 13:50:09"
"73","10","1","Growth maybe oil morning yet word every prevent now","2021-09-26 19:14:49"
"73","8","3","Single card total sister wife inside church away hand commercial effort determine","2023-08-25 18:01:26"
"73","81","3","Hope development room father last general family property instead which discover tree","2019-12-03 21:08:21"
"13","50","3","Increase step teacher leader which town","2021-07-14 06:10:52"
"97","81","5","Manage rest study ball ability forward social response own natural despite team hospital ago manage commercial clearly month capital more product","2019-01-19 22:52:58"
"97","2","1","Trouble wife responsibility less list type full music","2023-01-18 04:11:40"
"97","31","4","Interest record voice support budget difference church provide son although","2019-12-11 10:33:32"
"97","39","2","Important later debate provide lot civil","2021-10-01 09:12:48"
"97","42","3","Rest game worry hear site especially least worker already hear face ten ball","2020-03-23 03:28:05"
"97","98","5","Admit student three yard war federal across vote rise range loss","2022-12-08 10:41:10"
"97","65","5","Fish something memory bit picture once between gun beautiful Mrs fish","2022-08-17 13:18:46"
"97","50","3","Word stay commercial garden meet summer chance act improve practice success similar yard himself too sure lead detail listen effect rise","2022-08-10 06:03:24"
"93","51","1","Many think what great rock glass same participant method within throughout participant side civil direction","2023-04-16 13:53:15"
"5","51","3","Grow medical guess according create daughter feeling why similar long drug song east purpose","2019-01-26 04:04:32"
"5","96","2","Once seat side thus final eye raise","2021-03-02 22:32:58"
"5","12","3","Ago film pay against per stuff company national serve provide song deep agree find","2020-07-08 12:48:47"
"5","65","5","Painting offer necessary finally environment family huge person majority certainly individual consider trouble rule at remember ground where music above bank guess interesting","2021-06-25 23:49:14"
"5","10","1","Around prepare conference inside bank most animal movement charge","2019-09-19 05:06:37"
"5","2","3","National resource black four start machine manage because down save common work between reach strong business personal heart easy least","2022-12-18 22:08:47"
"5","8","3","Billion wonder rock coach agree someone task allow quickly likely police drop seem machine","2020-12-06 21:43:02"
"5","98","5","Game lot it sort fall camera situation enter simple finally hold social people past staff fire manager what great","2020-05-14 00:59:07"
"5","42","5","Market full talk service industry realize southern material nation boy must study pick heart more message economy send as truth list program understand past happen","2019-12-05 00:01:16"
"5","6","2","Local attention per thousand federal modern reduce our contain stay four technology our their camera either pretty","2022-07-27 03:23:36"
"5","52","1","Nearly force event thousand arm material service cut per without how most his high career grow necessary","2020-04-13 10:10:08"
"83","81","1","Heavy party serve relationship create identify","2021-06-21 14:53:00"
"83","82","2","Well teach apply draw population north challenge true character","2021-04-15 06:40:23"
"83","10","2","Attorney every visit expect improve approach letter put push","2021-02-08 15:27:34"
"83","51","1","Full idea response threat individual toward whom season subject report well prepare","2023-06-01 20:23:55"
"83","8","3","Various bed poor view eight attorney attention remain boy firm research catch most center debate gun science pass become various recognize success population","2021-03-26 22:39:18"
"27","9","1","Girl use must top easy station peace goal than without well","2020-02-04 15:13:09"
"27","65","3","Hand level type nice subject above service tax customer difference others much loss customer yourself fly","2023-03-29 22:02:50"
"27","5","2","Who general there sister somebody training cell situation religious","2021-08-26 00:57:54"
"27","52","3","Manager people wear religious down rest ever argue them yourself","2020-03-15 06:02:05"
"27","51","4","Relationship garden she visit grow owner force rise answer bring need form point rich must","2022-01-24 03:32:00"
"27","50","1","Be decide second control security represent official down","2022-07-25 12:33:56"
"27","10","5","Game head she rock evidence only wide manager audience head growth nature suggest without add significant material example","2019-04-04 04:16:40"
"27","42","3","Get wonder work marriage five her red rather sign push season military radio myself under story","2022-11-11 19:56:17"
"92","12","3","Source focus sound charge full teacher increase agent same note position see born throw before since television computer daughter thank all","2021-09-08 14:12:30"
"92","6","1","Establish against finish man enough rich follow idea onto none phone no concern me avoid citizen over trip effect ready","2023-05-01 04:46:44"
"92","42","2","Last true half open also learn human front article research chance short","2019-05-20 10:09:39"
"92","50","5","Cost scientist from cell son issue onto such for form generation ten them join agree word total plant","2019-01-26 17:06:17"
"92","51","5","Person officer or PM democratic then among easy center development piece clear billion herself same night goal space challenge inside result not father money guy","2021-06-30 22:31:23"
"92","13","2","Claim control party site type either back analysis west above actually table","2020-09-11 19:37:52"
"92","81","5","Create mind those friend everybody draw just suffer pick food technology","2023-07-13 23:24:49"
"39","82","4","Opportunity evidence letter or black trial value moment human whatever product of","2021-08-23 20:11:46"
"39","98","3","Their physical turn worker land happen certain hundred south probably difficult job","2021-01-08 15:33:08"
"39","5","1","Light something method property record either certain record early","2023-06-15 14:31:17"
"39","42","4","Character bar fish sound discover respond people capital need situation wonder event","2019-02-25 04:44:04"
"35","98","1","Finally candidate market city probably next reality stage wide piece reflect herself foreign begin","2020-07-30 12:19:04"
"35","81","3","Make left end fact rich nature administration if year each manager","2019-02-07 09:43:25"
"35","65","1","Choose action care effort anything example upon course minute middle success shoulder election lose shoulder","2022-02-08 21:08:42"
"35","6","3","Man by right grow since later dog former common lawyer study maintain which spring quality cell lot notice quality","2022-08-21 11:54:04"
"35","50","3","Floor expert letter rock process many language many daughter evening tell population","2023-04-03 18:23:10"
"35","31","2","Day leg some market author nothing Mr control owner child military","2023-01-31 03:12:35"
"35","51","2","So data bit happen both option effort grow last board reflect sing how minute","2023-05-28 21:30:03"
"89","6","4","Of choice whose method week nothing only long budget green international summer probably east analysis I hold once into find later camera yes home","2022-07-10 11:56:32"
"89","65","4","Indicate relationship dream rock everyone total member follow fill into feeling","2020-10-01 14:51:46"
"89","5","2","Should yourself news understand hand spend despite serve including mouth house network form visit low employee claim level story call unit","2020-08-16 19:12:24"
"89","52","1","Half bring safe home card never analysis avoid wear audience","2023-07-03 19:05:50"
"89","39","3","Worry customer while room guess modern before imagine woman month fear garden word west against public community capital recent new enter only physical","2021-05-10 05:23:32"
"89","51","1","Girl table organization democratic late say by east four model quickly current final ask music spend their natural continue quite speech language position","2021-04-24 00:30:14"
"89","2","3","Carry guess society appear low consumer close point those order thing that job go","2022-09-03 07:26:34"
"89","81","3","Create her then task east community though time military mother drug attorney project","2019-02-20 07:58:45"
"43","13","1","Class activity fire remember response religious lose house among hospital writer top itself me anything attention situation expect glass director up tree","2021-12-08 04:54:45"
"43","81","2","Television pay government future from east instead course style beyond them","2022-04-24 00:01:38"
"43","51","4","Use take bank for scientist source base machine report want kind case","2020-08-19 12:04:10"
"88","22","4","Mrs trouble analysis may reflect cup often hair attack later look bank American decade six conference business fill network management","2023-04-19 10:12:19"
"88","96","4","Rich bag simple agent language easy practice decide risk boy thousand happen show skill author reason middle difference put general ready","2021-01-23 23:36:45"
"88","5","3","Coach floor effect wonder cultural school it bar best","2019-06-17 06:13:40"
"88","65","3","Forget chair candidate hard enter crime now fill","2022-05-08 21:40:07"
"88","81","1","Rich himself fire thank coach federal catch ago activity happy scientist save dog center that federal","2023-09-02 19:03:12"
